,name,address,icon,userComment,tags
0,French Cantine,"65 Avenue Gambetta, 93170 Bagnolet, France",restaurant,Meilleur sandwich que jâ€™ai mangÃ©. Les plats de pÃ¢tes ont lâ€™air dÃ©licieux. Que dire de plus.,ğŸ’¸#Grec ğŸ¥™#Halal#PÃ¢tes ğŸ#ValidÃ© âœ…
1,La Maison Du Tacos,"23 Rue Saint-Spire, 91100 Corbeil-Essonnes, France",restaurant,Meilleur endroit pour prendre un tacos FR . ğŸ–•ğŸ¾ O'tacos,ğŸ’¸#Halal#Tacos ğŸ‡«ğŸ‡·#ValidÃ© âœ…
2,Mamagaya,24 Avenue Henri Barbusse 93700 Drancy France,restaurant,,ğŸ’¸#Grec ğŸ¥™#PÃ¢tes ğŸ#Ã€ faire
3,Broadway Coffee,"4 Boulevard Carnot, 93250 Villemomble, France",fastfood,,ğŸ’¸#Burger ğŸ”ğŸŸ#Ã€ faire
4,O'Cheese Naans,"20 Rue Pablo Neruda, 77200 Torcy, France",restaurant,,Burger ğŸ”ğŸŸ#Grec ğŸ¥™#ğŸ’¸#Ã€ faire
5,le 129,"129 Bis Rue Gabriel PÃ©ri, 93200 Saint-Denis, France",restaurant,,ğŸ’¸#Grec ğŸ¥™#Halal#ValidÃ© âœ…
6,Snack Mac Kenzi,36 Avenue Victor Hugo 94600 Choisy-le-Roi France,supermarket,,ğŸ’¸#Halal#Grec ğŸ¥™#ValidÃ© âœ…
7,The Coffee Time,"32 AllÃ©e Parmentier, 94000 CrÃ©teil, France",restaurant,,Grec ğŸ¥™#Burger ğŸ”ğŸŸ#Halal#ğŸ’¸#Ã€ faire
8,Restaurant Sultan,1 Avenue Paul Doumer 93460 Gournay-sur-Marne France,fastfood,,ğŸ’¸#Grec ğŸ¥™#Ã€ faire
9,Monday's,"2 Rue de Mantes, 92700 Colombes, France",restaurant,Je ne sais plus jâ€™avais pris exactement mais câ€™Ã©tait bon. Jâ€™ai pas eu lâ€™occasion de tester leur desserts mais ils ont lâ€™air ğŸ‘Œ,Burger ğŸ”ğŸŸ#ValidÃ© âœ…#PÃ¢tes ğŸ#ğŸ’¸
10,5th avenue house of hot dog,"11 Rue Jacques CÅ“ur, 75004 Paris, France",restaurant,,ğŸ’¸#Hot-Dog ğŸŒ­#Ã€ faire
11,Steak 'n Shake,"25 Boulevard de SÃ©bastopol, 75001 Paris, France",fastfood,,Burger ğŸ”ğŸŸ#ValidÃ© âœ…#ğŸ’¸#RIP (FermÃ© definitivement)
12,Mama Jackson Soul Food ,12 Rue Claude Tillier 75012 Paris France,restaurant,Le Waffle Burger est vraiment bon et rassasiant. QualitÃ© prix au top ! ,ğŸ’¸ğŸ’¸#Halal#Soul Food#Poulet ğŸ”#ValidÃ© âœ…
13,BAO BURGER,"277 Boulevard Voltaire, 75011 Paris, France",restaurant,Chinois/Vietnamien,Asiat#ğŸ’¸ğŸ’¸#Burger ğŸ”ğŸŸ#Ã€ faire
14,Le Bon Panneton,"105 Rue Saint-Charles, 75015 Paris, France",restaurant,La Boulangerie oÃ¹ jâ€™ai pris le meilleur gÃ¢teau dâ€™anniversaire de ma vie.,ğŸ’¸ğŸ’¸#PÃ¢tisseries#ValidÃ© âœ…#Boulangerie ğŸ¥–
15,Joe Burger,"49 Rue Descartes, Paris 75005",fastfood,Bon et pas cher.,ğŸ’¸#Burger ğŸ”ğŸŸ#ValidÃ© âœ…
16,Le Why Not,39 Avenue de Fontainebleau 94270 Le Kremlin-BicÃªtre France,restaurant,,Halal#ğŸ’¸#Snack#Ã€ faire
17,CHICKEN STREET,"67 Boulevard Paul Vaillant Couturier, 94200 Ivry-sur-Seine, France",restaurant,,ğŸ’¸#Burger ğŸ”ğŸŸ#Halal#Poulet ğŸ”#Ã€ faire
18,Cultura,Centre commercial Vill'Up Paris 75019,library,,Librairie#Ã€ faire
19,Cultura,Centre Commercial Les 4 Temps 16 Parvis de la Defense Puteaux 92800,library,,ğŸ’¸#Librairie#Ã€ faire
20,Album Comics,"67 Boulevard Saint-Germain, 75005 Paris, France",shopping,,Comics | Mangas#ValidÃ© âœ…
21,Andalouz Pizza,122 Route de Saint-Leu 93430 Villetaneuse France,restaurant,Allez y uniquement si vous avez vraiment faim.,ğŸ’¸#ValidÃ© âœ…#Grec ğŸ¥™#Pizza ğŸ•
22,Royal Chicken,"119 Avenue Stalngrad, 93240 Stains, France",restaurant,,Burger ğŸ”ğŸŸ#Grec ğŸ¥™#ğŸ’¸
23,Central Comics Paris,"25 rue de l'Ambroisie, 75012 Paris",library,,Comics | Mangas#Ã€ faire
24,Gumbo YaYa,"3 Rue Charles Robin 75010 Paris, 75010 Paris, France",restaurant,,ğŸ’¸ğŸ’¸#Soul Food#ValidÃ© âœ…
25,Comptoir Veggie,"75 Avenue Ledru-Rollin, 75012 Paris, France",fastfood,,Ã€ faire#Bio ğŸ‘¨â€ğŸŒ¾#Vege/Vegan ğŸŒ±
26,Le Train Bleu,"Pl. Louis-Armand, 75012 Paris, France",restaurant,,Poisson ğŸŸ#ğŸ’¸ğŸ’¸ğŸ’¸#Ã€ faire#TheFork ğŸ´
27,Ober Mamma,"107 Boulevard Richard-Lenoir, 75011 Paris, France",restaurant,Une des meilleure pizza que jâ€™ai pu manger de ma vie.,Pizza ğŸ•#ValidÃ© âœ…#Big Mamma#ğŸ’¸ğŸ’¸
28,East Mamma,"133 Rue du Faubourg Saint-Antoine, Paris 75011",restaurant,,ğŸ’¸ğŸ’¸#Big Mamma#Pizza ğŸ•#Ã€ faire
29,Little Baobei,"7 Rue de ChÃ¢teaudun, 75009 Paris, France",fastfood,,ğŸ’¸ğŸ’¸#Burger ğŸ”ğŸŸ#Halal#ValidÃ© âœ…
30,ROOMIES,"14 Rue du Cygne, 75001 Paris, France",fastfood,,Burger ğŸ”ğŸŸ#ğŸ’¸ğŸ’¸
31,GARNETT,"85 Rue Cardinet, 75017 Paris, France",fastfood,,ğŸ’¸#Burger ğŸ”ğŸŸ#Ã€ faire
32,Le Constantinople,"96 Avenue de Fontainebleau, 94270 Le Kremlin-BicÃªtre, France",restaurant,La viande du grec est bonne mais lâ€™ensemble nâ€™est pas exceptionnel,Burger ğŸ”ğŸŸ#Grec ğŸ¥™#Fait âœ”ï¸#ğŸ’¸
33,Harry's Cafe,27 Rue Jules Guesde 93140 Bondy France,fastfood,,ğŸ’¸#Burger ğŸ”ğŸŸ#Ã€ faire
34,Pizza San Marco Paris,52 Rue Saint-Maur 75011 Paris France,fastfood,,ğŸ’¸#Pizza ğŸ•#Ã€ faire
35,Pho Bida Viet Nam,"36-38 Rue nationale, 75013 Paris, France",restaurant,Vietnamien,Asiat#ğŸ´ inconnu#Ã€ faire
36,CLUBURGER,"14 Place de la Barre, 95170 Deuil-la-Barre, France",restaurant,,ğŸ’¸ğŸ’¸#Burger ğŸ”ğŸŸ#Ã€ faire
37,Meal Time,"35 Avenue de Clichy, 75017 Paris, France",restaurant,,Burger ğŸ”ğŸŸ#Grec ğŸ¥™#ğŸ’¸#Ã€ faire
38,Rosaparks,"46 Rue Jean-Pierre Timbaud, 75011 Paris, France",fastfood,,ğŸ’¸ğŸ’¸#Burger ğŸ”ğŸŸ#Ã€ faire#TheFork ğŸ´
39,Mac Halal Restaurant,"46 Avenue Louis Aragon, 93000 Bobigny, France",restaurant,,ğŸ’¸#Burger ğŸ”ğŸŸ#Grec ğŸ¥™#Halal#Ã€ faire
40,5PIZZ,"30 Rue Marx Dormoy, 75018 Paris, France",restaurant,,ğŸ’¸#Pizza ğŸ•#Ã€ faire
41,Bioburger Victoire,"10 Rue de la Victoire, 75009 Paris, France",fastfood,,ğŸ’¸#Burger ğŸ”ğŸŸ#Bio ğŸ‘¨â€ğŸŒ¾#Vege/Vegan ğŸŒ±#ValidÃ© âœ…
42,Le Miam's,Mail des MÃ¨ches 94000 CrÃ©teil France,fastfood,,ğŸ’¸#Grec ğŸ¥™#Burger ğŸ”ğŸŸ#Halal#ValidÃ© âœ…
43,PÃ©pÃ© Santana Paris 15,"171 Boulevard Lefebvre, 75015 Paris, France",restaurant,,Burger ğŸ”ğŸŸ#Grec ğŸ¥™#ğŸ’¸#Ã€ faire
44,Gout Doux,97 Avenue d'Argenteuil 92600 AsniÃ¨res-sur-Seine France,fastfood,,ğŸ’¸#Ã€ faire#Grec ğŸ¥™
45,Villa Maasai - Restaurant Africain,"9 Boulevard des Italiens, Paris 75002",restaurant,,ğŸ’¸ğŸ’¸#Africain#Ã€ faire
46,Kodawari Ramen,"29 Rue Mazarine, 75006 Paris, France",restaurant,Japonais,ğŸ’¸ğŸ’¸#Asiat#ValidÃ© âœ…
47,Pascal & Anthony,"32 Rue de Dantzig, 75015 Paris, France",bakery,,ğŸ’¸ğŸ’¸#Boulangerie ğŸ¥–#PÃ¢tisseries#Ã€ faire
48,EugÃ¨ne,"48 Rue du Hameau, 75015 Paris, France",cafe,,ğŸ´ inconnu#CafÃ©#Ã€ faire
49,VG PÃ¢tisserie,"123 Boulevard Voltaire, 75011 Paris, France",bakery,,ğŸ’¸#PÃ¢tisseries#Ã€ faire
50,La Brigade - Oberkampf,103 Rue Oberkampf Paris 75011,restaurant,,Viande#ğŸ’¸ğŸ’¸#ValidÃ© âœ…#TheFork ğŸ´
51,Arabian Oud,63 Avenue des Champs-Ã‰lysÃ©es 75008 Paris France,shopping,,ğŸ’¸ğŸ’¸ğŸ’¸#Parfumerie#Ã€ faire
52,ABDUL SAMAD AL QURASHI,"45 Avenue George V, 75008 Paris, France",shopping,,ğŸ’¸ğŸ’¸ğŸ’¸#Parfumerie#Ã€ faire
53,Le temps et le pain,"7 Rue Mouton-Duvernet, 75014 Paris, France",bakery,,ğŸ’¸ğŸ’¸#Boulangerie ğŸ¥–#PÃ¢tisseries#Ã€ faire
54,Hayaku Shop,"4 Rue Dante, 75005 Paris, France",shopping,,Librairie#Ã€ faire
55,La French Touch,"137 Rue des Fauvelles, 92250 Courbevoie, France",restaurant,,ğŸ’¸ğŸ’¸#Burger ğŸ”ğŸŸ#Ã€ faire
56,La Comedia,"107 Rue Monge, 75005 Paris, France",restaurant,,Pizza ğŸ•#ğŸ’¸ğŸ’¸#Ã€ faire
57,Au P'tit Grec,"68 Rue Mouffetard, 75005 Paris, France",shopping,,ğŸ’¸#Grec ğŸ‡¬ğŸ‡·#Halal#ValidÃ© âœ…
58,Guimi House,"38 Rue de Turbigo, 75003 Paris, Francia",shopping,,Guimi#Ã€ faire
59,é—ºèœœç”œå“,"48 Rue RenÃ© Boulanger, 75010 Paris, France",restaurant,,Guimi#ğŸ´ inconnu#Ã€ faire
60,Guimi House,"54 Rue Richer, 75009 Paris, France",restaurant,,Guimi#Asiat#ğŸ´ inconnu#Ã€ faire
61,Le Gribouille,"44 Rue de Rivoli, 75004 Paris, France",restaurant,,ğŸ’¸ğŸ’¸#Bar#Ã€ faire#TheFork ğŸ´
62,French Home,"29 Rue Marx Dormoy ,75018 Paris",fastfood,,ğŸ’¸#Halal#Burger ğŸ”ğŸŸ#Ã€ faire
63,Choco Factory,"13 Rue de MÃ©dicis, 75006 Paris, France",cafe,,ğŸ’¸ğŸ’¸#PÃ¢tisseries#ValidÃ© âœ…
64,Le Butcher,"157 Rue du Faubourg Saint-HonorÃ©, 75008 Paris, France",restaurant,,ğŸ’¸ğŸ’¸#Burger ğŸ”ğŸŸ#Halal#Ã€ faire#TheFork ğŸ´
65,Les Grands Enfants,"160 Boulevard de Charonne, 75020 Paris, France",restaurant,,ğŸ’¸ğŸ’¸#Restaurant#Ã€ faire#TheFork ğŸ´
66,La petite Ã©toile,"30 Rue Voltaire, 92300 Levallois-Perret, France",restaurant,,Pizza ğŸ•#Halal#PÃ¢tes ğŸ#Restaurant#ğŸ’¸ğŸ’¸#Ã€ faire#TheFork ğŸ´
67,La Grande Ã‰picerie de Paris,"38 Rue de SÃ¨vres, 75007 Paris, France",shopping,,ğŸ’¸ğŸ’¸ğŸ’¸#Epicierie Fine#ValidÃ© âœ…#Grand Magasin ğŸ›
68,Tea & Waffle,62 Rue Monsieur le Prince Paris France,supermarket,Jâ€™avais pris un waffle 2 boules. Vraiment trÃ¨s bon.,ValidÃ© âœ…#ğŸ’¸#Salon de thÃ© ğŸµ
69,Rapid'Naan,52 Rue du Faubourg du Temple 75011 Paris France,fastfood,,Grec ğŸ¥™#Tacos ğŸ‡«ğŸ‡·#ğŸ’¸#Ã€ faire
70,La Roses de DAMAS,"6 Boulevard Saint-Germain, 75005 Paris, France",restaurant,,Halal#Libanais ğŸ‡±ğŸ‡§#Ã€ faire
71,Benedict,"19 Rue Sainte-Croix de la Bretonnerie, 75004 Paris, France",restaurant,,ğŸ’¸ğŸ’¸#Restaurant#Ã€ faire
72,L'envol,24 Av. Du MarÃ©chal Foch Chelles 77500,restaurant,,ğŸ’¸#Ã€ faire#Africain
73,Poulet braise,"106 Rue de Clignancourt, 75018 Paris, France",restaurant,,Africain#Poulet ğŸ”#Halal#ğŸ´ inconnu#Ã€ faire
74,Andiamo,"15 Cours Mgr RomÃ©ro, 91000 Ã‰vry, France",restaurant,,ğŸ’¸#Restaurant#Ã€ faire
75,Grazie,"91 Boulevard Beaumarchais, 75003 Paris, France",restaurant,,ğŸ’¸ğŸ’¸#Pizza ğŸ•#ValidÃ© âœ…#Zenchef
76,Le 1818 | Restaurant Halal Paris | Restaurant Halal Paris 16,"2 Rue de Sontay, 75016 Paris, France",restaurant,,ğŸ’¸ğŸ’¸#Halal#Restaurant#Ã€ faire
77,O'sciÃ  Pizzeria Napoletana,"42 Rue Tiquetonne, Paris 75002",restaurant,,ğŸ’¸ğŸ’¸#Pizza ğŸ•#Ã€ faire#Zenchef
78,Frog POP-UP,"176 Rue Montmartre, 75002 Paris, France",bar,,Restaurant#ğŸ’¸ğŸ’¸#Ã€ faire#Zenchef
79,Ippudo Louvre,"74-76 Rue Jean-Jacques Rousseau, Paris-1ER-Arrondissement 75001",restaurant,Japonais,ğŸ’¸ğŸ’¸#Asiat#Ã€ faire
80,La Frontera CrÃ©teil,"7 Rue du GÃ©nÃ©ral de Larminat, 94000 CrÃ©teil, France",restaurant,,ğŸ’¸#Halal#Hispanique#Ã€ faire
81,Baagaa Trocadero,54 Rue de Longchamp Paris France,fastfood,,ğŸ’¸ğŸ’¸#Burger ğŸ”ğŸŸ#BaÄgaÄ#Ã€ faire
82,Baagaa Montorgueil,28 Rue LÃ©opold Bellan Paris France,restaurant,,ğŸ’¸ğŸ’¸#Burger ğŸ”ğŸŸ#BaÄgaÄ#Ã€ faire
83,Brasserie Zimmer,"1 Place du ChÃ¢telet, 75001 Paris, France",restaurant,,ğŸ’¸ğŸ’¸#Restaurant#Ã€ faire#TheFork ğŸ´
84,Le Cafe Lomi,3TER Rue Marcadet Paris France,shopping,,ğŸ’¸ğŸ’¸#CafÃ©#Ã€ faire
85,L'Atelier Corse,"21 Rue du GÃ©nÃ©ral Leclerc, 91540 Mennecy, France",restaurant,,Restaurant#ğŸ´ inconnu#Ã€ faire
86,IKEA Food,"35 Rue Jean JaurÃ¨s, 94350 Villiers sur Marne, France",shopping,Tarte au daim,ğŸ’¸#SuÃ©dois ğŸ‡¸ğŸ‡ª#ValidÃ© âœ…
87,Boutique Angelina Paris,"108 Rue du Bac, Paris 75007",shopping,,ğŸ’¸ğŸ’¸#PÃ¢tisseries#Ã€ faire
88,Parc des Beaumonts,"93100 Montreuil, France",forest,,Le Parc#Parcs
89,La Cure Gourmande,49 Avenue de l'OpÃ©ra 75002 Paris France,restaurant,Câ€™est cher mais câ€™est trÃ¨s bon. PS: Prenez les gÃ¢teaux plutÃ´t que les bonbons.,ğŸ’¸ğŸ’¸#PÃ¢tisseries#ValidÃ© âœ…
90,Showcolat,"21 Rue de Rochechouart, 75009 Paris, France",restaurant,,PÃ¢tisseries#Ã€ faire
91,House of 3 brothers,"25 Rue de Lancry, 75010 Paris, France",bakery,,ğŸ’¸#Ã€ faire#PÃ¢tisseries
92,Chipotle Mexican Grill,"2 Rue Linois, Paris 75015",fastfood,,ğŸ’¸ğŸ’¸#Hispanique#ValidÃ© âœ…
93,Promenade plantÃ©e,Promenade PlantÃ©e 75012 Paris France,train,,Parcs#ValidÃ© âœ…
94,Parc AndrÃ© CitroÃ«n,"2 Rue Cauchy, 75015 Paris, France",beach,,Parcs#ValidÃ© âœ…
95,Parc Monceau,75008 Paris France,tourism,,Parcs
96,Buttes Chaumont,France,generic,,Parcs#ValidÃ© âœ…
97,Square de la Butte du Chapeau Rouge,"75019 Paris, France",beach,,Parcs
98,Parc de la Villette,Avenue Jean JaurÃ¨s 75019 Paris France,beach,,Parcs#ValidÃ© âœ…
99,Cuvier-Jardin des Plantes,7 Rue LinnÃ© 75005 Paris France,train,,Parcs#ValidÃ© âœ…#Ã€ faire
100,Square Jehan Rictus,1 Rue de la Vieuville 75018 Paris France,beach,,Parcs#ValidÃ© âœ…
101,Pizzeria Popolare,"111 Rue RÃ©aumur, Paris 75002",restaurant,,ğŸ’¸#Big Mamma#Pizza ğŸ•#ValidÃ© âœ…
102,Seven7 DÃ©lices du monde,"32 Clos des Cascades, 93160 Noisy-le-Grand, France",restaurant,,Africain#ğŸ’¸ğŸ’¸#Ã€ faire
103,Parc de la Butte Verte,"1 Bd du Champy-Richardets, 93160 Noisy-le-Grand, France",school,,Parcs#ValidÃ© âœ…
104,Jardin du Palais Royal,"Paris-1ER-Arrondissementï¼Œ, 6 Rue de Montpensier, 75001 Paris-1ER-Arrondissement, France",historic,,Parcs#ValidÃ© âœ…
105,B&M Burgers restaurant,"98 Rue des Martyrs, 75018 Paris, France",fastfood,"Tu savoures chaque bouchÃ©e du burger et des frites. PS : Mettez du chili flakes sur vos frites et dans votre burger, Ã§a fait la diff.",ğŸ’¸ğŸ’¸#Burger ğŸ”ğŸŸ#ValidÃ© âœ…
106,Koff,"15 Rue la Vieuville, 75018 Paris, France",restaurant,,ğŸ’¸ğŸ’¸#Burger ğŸ”ğŸŸ#Ã€ faire
107,PARIS - PORTO,"100 Rue des Martyrs, 75018 Paris, France",bakery,,ğŸ’¸#Portugal ğŸ‡µğŸ‡¹#Epicierie#ValidÃ© âœ…
108,La pÃ¢tisserie Gilles Marchal,"9 Rue Ravignan, 75018 Paris, France",restaurant,,PÃ¢tisseries#ğŸ’¸ğŸ’¸#Ã€ faire
109,Sofra,"91 Avenue Edouard Vaillant, 92100 Boulogne-Billancourt, France",restaurant,Le grec cuit au four ğŸ‘ŒğŸ¾. Jâ€™y retournerai prendre dâ€™autres sandwichs car câ€™est vraiment trÃ¨s bon.,ğŸ’¸#Snack#Halal#Grec ğŸ¥™#ValidÃ© âœ…
110,Lunch Club,"8 Avenue Jean JaurÃ¨s, 75019 Paris, France",restaurant,Jâ€™ai pris le spÃ©cial vraiment bon en plus tâ€™es calÃ© pour pas cher qualitÃ© prix au top,ğŸ’¸#Halal#Grec ğŸ¥™#ValidÃ© âœ…
111,Restaurant Le Rhumel,"7 Boulevard de Belleville, 75011 Paris, France",restaurant,,Restaurant#ğŸ´ inconnu#Ã€ faire
112,Lodoss Chicken,"75 Avenue de la Porte des Lilas, 93260 Les Lilas, France",restaurant,Le sandwich est bon mais les frites sont mauvaises,ğŸ’¸#Snack#Grec ğŸ¥™#Halal#Fait âœ”ï¸
113,Les Saveurs De Gagny,"38 Bis Avenue Jean JaurÃ¨s, 93220 Gagny, France",restaurant,,ğŸ’¸#Snack#Grec ğŸ¥™#Halal#Ã€ faire
114,2.4.6.,13 Rue Georges Brassens 91080 Ã‰vry-Courcouronnes France,fastfood,,ğŸ’¸#Snack#Tacos ğŸ‡«ğŸ‡·#Grec ğŸ¥™#Burger ğŸ”ğŸŸ#Ã€ faire
115,Le Plateau,69TER Rue Pierre Brossolette 91130 Ris-Orangis France,restaurant,,Snack#Grec ğŸ¥™#Halal#ğŸ´ inconnu#Ã€ faire
116,Mad in Food,20 Grand'Rue 91600 Savigny-sur-Orge France,fastfood,,ğŸ’¸#Halal#Snack#Grec ğŸ¥™#Tacos ğŸ‡«ğŸ‡·#Ã€ faire
117,So Square,151 Avenue du GÃ©nÃ©ral de Gaulle 91170 Viry-ChÃ¢tillon France,fastfood,,ğŸ’¸#Halal#Snack#Grec ğŸ¥™#Tacos ğŸ‡«ğŸ‡·#Ã€ faire
118,Snack Aksaray Istambul,8 Rue Gambetta 91290 Arpajon France,supermarket,,Snack#Grec ğŸ¥™#Halal#ğŸ´ inconnu#Ã€ faire
119,O' Crousti D'Asie,"154 Boulevard Robert Ballanger, 93420 Villepinte, France",restaurant,,Snack#Asiat#ğŸ´ inconnu#Ã€ faire
120,Pizza News,9 Place Gaston BussiÃ¨re 93270 Sevran France,fastfood,,ğŸ’¸#Halal#Snack#Pizza ğŸ•#Ã€ faire
121,Big Dal,"74 Route de Mitry, 93600 Aulnay-sous-Bois, France",restaurant,,ğŸ’¸#Halal#Grec ğŸ¥™#Ã€ faire
122,2004 Chicken Family,4 Avenue Louis Aragon 93000 Bobigny France,fastfood,,Snack#Burger ğŸ”ğŸŸ#Tacos ğŸ‡«ğŸ‡·#Halal#Grec ğŸ¥™#ğŸ’¸#Ã€ faire
123,Tacos 93,131BIS Avenue Jean JaurÃ¨s 93120 La Courneuve France,fastfood,,Snack#Tacos ğŸ‡«ğŸ‡·#Halal#Ã€ faire
124,Le Mistral,89 Boulevard Ã‰douard Vaillant 93300 Aubervilliers France,fastfood,,ğŸ’¸#Snack#Halal#Ã€ faire
125,QUARTER | Restaurant & Coffee,"187 Avenue Jean JaurÃ¨s, 75019 Paris, France",restaurant,,ğŸ’¸#Halal#Snack#Ã€ faire
126,Alto'Tacos,191 Rue de CrimÃ©e 75019 Paris France,restaurant,,ğŸ’¸#Snack#Halal#Pizza ğŸ•#PÃ¢tes ğŸ#Ã€ faire
127,Chez Publicite Daniel,18 Boulevard Ney 75018 Paris France,business,,ğŸ’¸#Snack#Halal#Grec ğŸ¥™#Ã€ faire
128,Snack au Bouquet,67 Rue Letort 75018 Paris France,supermarket,,ğŸ’¸#Halal#Snack#Tacos ğŸ‡«ğŸ‡·#Grec ğŸ¥™#Ã€ faire
129,O'DELICE l'original,"171 Avenue de Clichy, 75017 Paris, France",restaurant,,Snack#Burger ğŸ”ğŸŸ#Halal#ğŸ´ inconnu#Ã€ faire
130,Good Thai,"50 Avenue Pierre Semard, 94200 Ivry-sur-Seine, France",restaurant,Thai,ğŸ’¸ğŸ’¸#Halal#Asiat#Snack#Ã€ faire
131,Alfaroj Lmashwi,"9 Avenue du 8 Mai 1945, 94400 Vitry-sur-Seine, France",restaurant,,ğŸ’¸#Snack#Libanais ğŸ‡±ğŸ‡§#Halal#ValidÃ© âœ…#TheFork ğŸ´
132,L'Escale du Palais,33 AllÃ©e Parmentier 94000 CrÃ©teil France,restaurant,,ğŸ’¸#Halal#Snack#Grec ğŸ¥™#Tacos ğŸ‡«ğŸ‡·#Ã€ faire
133,Kydam,1 Avenue Auguste Marin 94100 Saint-Maur-des-FossÃ©s France,fastfood,,ğŸ’¸#Halal#Snack#Burger ğŸ”ğŸŸ#Grec ğŸ¥™#Ã€ faire
134,Fast-food My Sandwich,"8 Avenue MarÃ©chal Randon, 38000 Grenoble, France",restaurant,,Snack#Grec ğŸ¥™#Tacos ğŸ‡«ğŸ‡·#Halal#ğŸ’¸#Ã€ faire
135,Frenchy Tacos,"1387 Route de Beaurepaire, 38270 Saint-Barthelemy, France",restaurant,,Snack#Tacos ğŸ‡«ğŸ‡·#Halal#ğŸ´ inconnu#Ã€ faire
136,L'oasis Chicken Chika,"116 Rue Crozet Boussingault, 42100 Saint-Ã‰tienne, France",restaurant,,ğŸ’¸#Halal#Snack#Grec ğŸ¥™#Ã€ faire
137,Easy Food Pierre BÃ©nite,"87 Rue des Martyrs de la LibÃ©ration, 69310 Pierre-BÃ©nite, France",restaurant,,ğŸ’¸#Snack#Halal#Grec ğŸ¥™#Tacos ğŸ‡«ğŸ‡·#Pizza ğŸ•#Ã€ faire
138,Mis Kebab,"68 Avenue Viviani, 69200 VÃ©nissieux, France",restaurant,,ğŸ’¸#Snack#Grec ğŸ¥™#Halal
139,Foolek Pizz',"86 Cours Emile Zola, 69100 Villeurbanne, France",restaurant,,Snack#Halal#ğŸ´ inconnu#Ã€ faire
140,Ain El Fouara,"47 rue colin 69100 villeurbanne, 69100 Villeurbanne, France",restaurant,,ğŸ’¸#Burger ğŸ”ğŸŸ#Grec ğŸ¥™#Halal#Snack#Pizza ğŸ•#ValidÃ© âœ…
141,Derk-food,"13 Rue du Faubourg Saint-Pierre, 25300 Pontarlier, France",restaurant,,Snack#Halal#ğŸ´ inconnu#Ã€ faire
142,Le Big Mama,"32 Rue du Faubourg-de-Pierre, 67000 Strasbourg, France",restaurant,,ğŸ’¸#Snack#Halal#Ã€ faire
143,Mail Burger,"10 Mail FranÃ§ois Mitterrand, 35000 Rennes, France",restaurant,,ğŸ’¸#Halal#Snack#Grec ğŸ¥™#Tacos ğŸ‡«ğŸ‡·#Ã€ faire
144,Escale K,"2 Rue Robert Schuman, 33130 BÃ¨gles, France",restaurant,,Snack#Burger ğŸ”ğŸŸ#PÃ¢tes ğŸ#Halal#ğŸ´ inconnu#Ã€ faire
145,Burger Store,"26 Rue Camille Pelletan, Cenon 33150",restaurant,,ğŸ’¸#Halal#Burger ğŸ”ğŸŸ#Ã€ faire
146,Yummy Sandwicherie,28 Rue Montmailler 87000 Limoges France,fastfood,,Snack#Grec ğŸ¥™#Halal#ğŸ’¸#Ã€ faire
147,Ã” Regal,"137 Boulevard du Grand Cerf, 86000 Poitiers, France",restaurant,,Snack#Grec ğŸ¥™#Halal#ğŸ’¸#Ã€ faire
148,Fratelli,"5bis Avenue de la BoliÃ¨re, 45100 OrlÃ©ans, France",restaurant,,Snack#Tacos ğŸ‡«ğŸ‡·#Grec ğŸ¥™#Burger ğŸ”ğŸŸ#Halal#ğŸ’¸#Ã€ faire
149,Aladin Pizza,19 Avenue Lucien Cornet 89100 Sens France,supermarket,,ğŸ’¸#Burger ğŸ”ğŸŸ#Halal#Snack#Pizza ğŸ•#Ã€ faire
150,Bricktop Pizza,153 Quai de Valmy Paris France,restaurant,,ğŸ’¸#Pizza ğŸ•#ValidÃ© âœ…
151,Shiso Burger,"21 Quai Saint-Michel, 75005 Paris, France",fastfood,,ğŸ’¸ğŸ’¸#Burger ğŸ”ğŸŸ#ValidÃ© âœ…
152,Bistro&GÃ¢teaux les Artizans,"30 Rue Montorgueil, 75001 Paris, France",bakery,,ğŸ’¸ğŸ’¸#Restaurant#PÃ¢tisseries#Ã€ faire#TheFork ğŸ´
153,THE FRENCH DONUTS,"56 Rue la BruyÃ¨re, 75009 Paris, France",donuts,,ğŸ’¸#PÃ¢tisseries#Ã€ faire
154,AtsuAtsu,"88 Rue de Richelieu, 75002 Paris, France",restaurant,Japonais ,ğŸ’¸ğŸ’¸#Asiat#Ã€ faire#RIP (FermÃ© definitivement)
155,FTG,"9 Rue du Nil, 75002 Paris, France",restaurant,PossibilitÃ© de privatisation,ğŸ’¸#Hot-Dog ğŸŒ­#Ã€ faire
156,Gourmandises Paris,"35 Rue Violet, 75015 Paris, France",restaurant,,ğŸ’¸#PÃ¢tisseries#Ã€ faire
157,Nick's Pizza,"24 Rue du Faubourg Montmartre, 75009 Paris, France",restaurant,,ğŸ’¸#Halal#Pizza ğŸ•#ValidÃ© âœ…#RIP (FermÃ© definitivement)
158,Taiyaki Paris,"Centre Commercial Oslo, 44 Avenue d'Ivry, 75013 Paris, France",cafe,Jâ€™ai pris un taiyaki sucrÃ© goÃ»t crÃ¨me vanille. Vraiment bon. (Japonais),PÃ¢tisseries#ValidÃ© âœ…#ğŸ’¸#Asiat
159,Hamler's Burgery,"12 Rue Monge, 75005 Paris, France",fastfood,,ğŸ’¸#Burger ğŸ”ğŸŸ#ValidÃ© âœ…#RIP (FermÃ© definitivement)
160,B-BOYZ,"5 Avenue Trudaine, 75009 Paris, France",fastfood,,ğŸ’¸ğŸ’¸#Burger ğŸ”ğŸŸ#Ã€ faire
161,Cloud Cakes,"6 Rue Mandar, Paris-2E-Arrondissement 75002",bakery,,ğŸ’¸#PÃ¢tisseries#Ã€ faire
162,Maison de la Poutine - Mandar,11 Rue Mandar Paris 75002,restaurant,,ğŸ’¸ğŸ’¸#Restaurant#Ã€ faire
163,Boulangerie Utopie,"France, 20 Rue Jean-Pierre Timbaud, 75011 Paris, France",bakery,,ğŸ’¸ğŸ’¸ğŸ’¸#Boulangerie ğŸ¥–
164,Yann Couvreur PÃ¢tisserie Rosiers,23 bis Rue des Rosiers 75004 Paris,supermarket,,PÃ¢tisseries#ğŸ’¸ğŸ’¸#ValidÃ© âœ…
165,Du Pain et des IdÃ©es,"34 Rue Yves Toudic, 75010 Paris, France",bakery,,Boulangerie ğŸ¥–#ğŸ´ inconnu#Ã€ faire
166,Le Ruisseau Burger Joint,"22 Rue Rambuteau, 75003 Paris, France",fastfood,,ğŸ’¸ğŸ’¸#Burger ğŸ”ğŸŸ#Bio/Vegan#Ã€ faire
167,BO&MIE,"18 Rue de Turbigo, 75002 Paris, Francia",bakery,,ğŸ’¸#PÃ¢tisseries#Boulangerie ğŸ¥–#ValidÃ© âœ…
168,B. Bell broche,"74 Rue de Turbigo, 75003 Paris, France",restaurant,,ğŸ’¸#Sandwich ğŸ¥ª#Ã€ faire
169,CENTRAL PARC,"42 Rue du Four, 94100 Saint-Maur-des-FossÃ©s, France",bakery,,ğŸ’¸ğŸ’¸#Burger ğŸ”ğŸŸ#Bio/Vegan#Ã€ faire#TheFork ğŸ´
170,Le NordMarais,"39 Rue Notre Dame de Nazareth, 75003 Paris, France",bar,,ğŸ’¸ğŸ’¸#Burger ğŸ”ğŸŸ#Ã€ faire
171,fish!,"Borough Market, Cathedral St, London SE1 9AL, Royaume-Uni",restaurant,,Restaurant#Poisson ğŸŸ#ğŸ’¸ğŸ’¸#Ã€ faire
172,Pain Pain,88 Rue des Martyrs Paris France,bakery,,Boulangerie ğŸ¥–#ğŸ’¸ğŸ’¸#PÃ¢tisseries#ValidÃ© âœ…
173,L'Echoppe de Paris,"16 Rue LÃ©on Frot, 75011 Paris, France",fastfood,,ğŸ’¸ğŸ’¸#Burger ğŸ”ğŸŸ#Ã€ faire#TheFork ğŸ´
174,Bachir,58 Rue Rambuteau 75003 Paris France,icecream,,ğŸ’¸#Libanais ğŸ‡±ğŸ‡§#ValidÃ© âœ…#Glaces ğŸ¨ğŸ¦
175,Koreatown Galleria,"3250 Olympic Blvd, Los Angeles, CA 90006, Ã‰tats-Unis",shopping,,Restaurant#Ã€ faire
176,Dos Toros Taqueria,"11 Carmine St, New York, NY 10014, Ã‰tats-Unis",restaurant,,Restaurant#Hispanique#Ã€ faire
177,Farine&O,"153 Rue du Faubourg Saint-Antoine, 75011 Paris, France",bakery,,Boulangerie ğŸ¥–#ğŸ’¸#ValidÃ© âœ…
178,Cot Cot,"21 Rue GÃ©rando, Paris 75009",fastfood,,ğŸ’¸#Burger ğŸ”ğŸŸ#Poulet ğŸ”#Ã€ faire
179,Mamiche,45 Rue Condorcet 75009 Paris France,bakery,,ğŸ’¸ğŸ’¸#Boulangerie ğŸ¥–#ValidÃ© âœ…
180,Goku Asian Canteen,"27 Bd du Temple, 75003 Paris, France",restaurant,,ğŸ’¸ğŸ’¸#Asiat#Burger ğŸ”ğŸŸ#Ã€ faire#TheFork ğŸ´
181,"Ã‰picerie suÃ©doise ""AffÃ¤ren""","80 Rue de Saussure, 75017 Paris, France",shopping,,ğŸ’¸ğŸ’¸#SuÃ©dois ğŸ‡¸ğŸ‡ª#ValidÃ© âœ…#Epicierie Fine
182,Manga Story,13 Boulevard Voltaire Paris France,library,,Comics | Mangas#Ã€ faire
183,La Boulang' de Rosny,"12 Place Carnot, 93110 Rosny-sous-Bois, France",bakery,Les gÃ¢teaux sont dÃ©licieux !,ğŸ’¸ğŸ’¸#Boulangerie ğŸ¥–#ValidÃ© âœ…
184,Don Antonia,"Rue de la Grange aux Belles, 75010 Paris, France",bakery,"Vraiment bon pour des prix trÃ¨s abordables. Au top ğŸ”
(A Ã©tÃ© rachetÃ© par Canelas ğŸ¥²)",PÃ¢tisseries#Portugal ğŸ‡µğŸ‡¹#ValidÃ© âœ…#ğŸ’¸#RIP (FermÃ© definitivement)
185,Nando's,The Gallery Stratford London E20 1 United Kingdom,restaurant,,Poulet ğŸ”#ValidÃ© âœ…
186,Wendy's,"335 5th Ave, New York, NY 10016, Ã‰tats-Unis",restaurant,,Burger ğŸ”ğŸŸ#Ã€ faire
187,Chip NYC,"W 14th St, New York, NY 10014, Ã‰tats-Unis",cafe,,Cookie ğŸª#Ã€ faire
188,MasterTacos,"80 Rue Paul Bert, 69003 Lyon, France",restaurant,,ğŸ’¸#Tacos ğŸ‡«ğŸ‡·#Grec ğŸ¥™#Ã€ faire
189,Chez.bogato,"7 Rue Liancourt, 75014 Paris, France",donuts,,ğŸ’¸ğŸ’¸#PÃ¢tisseries#Ã€ faire
190,coffeeserie,"43 Rue de la TÃªte d'Or, 57000 Metz, France",restaurant,,Salon de thÃ© ğŸµ#RÃ©servation#Ã€ faire
191,Burger and Fries,"1 Boulevard de Bonne Nouvelle, 75002 Paris, France",fastfood,,ğŸ’¸#Burger ğŸ”ğŸŸ#ValidÃ© âœ…
192,La FelicitÃ ,5 Parvis Alan Turing Paris France,restaurant,,ğŸ’¸ğŸ’¸#Big Mamma#Pizza ğŸ•#Burger ğŸ”ğŸŸ#ValidÃ© âœ…
193,Brotherâ€™s CrÃªpes & CafÃ©,"82 Boulevard de Rochechouart, 75018 Paris, France",restaurant,,ğŸ’¸#Halal#CrÃªperie#Ã€ faire
194,Chez Coco,"Square du Pelvoux, 94400 Vitry-sur-Seine, France",restaurant,,Halal#Snack#ğŸ´ inconnu#Ã€ faire
195,Best Halal,"W 53rd St New York, NY 10019 USA",restaurant,,Halal#Maghreb/Moyen-Orient#Ã€ faire
196,El rey Del Taco Truck,"3301 30th Ave, Astoria, NY 11103, Ã‰tats-Unis",restaurant,,Hispanique#Ã€ faire
197,Young xinjiang bbq cart,"2 Forsyth St, New York, NY 10002, Ã‰tats-Unis",restaurant,,Restaurant#Ã€ faire
198,Van Leeuwen Artisan Ice Cream,"48 E 7th St, New York, NY 10003, Ã‰tats-Unis",icecream,,Glaces ğŸ¨ğŸ¦#Ã€ faire
199,Desi Food Truck,"1221 Ave of the Americas, New York, NY 10020, Ã‰tats-Unis",restaurant,Indien,Halal#Asiat#Ã€ faire
200,Hard Times Sundaes,"5700 Avenue U, Brooklyn, NY 11234, Ã‰tats-Unis",restaurant,,Burger ğŸ”ğŸŸ#ğŸ’¸#Ã€ faire
201,Red Hook Lobster Pound,"284 Van Brunt St, Brooklyn, NY 11231, Ã‰tats-Unis",restaurant,,Restaurant#Ã€ faire
202,HABANERA,"Calle de GÃ©nova, 28, 28004 Madrid, Madrid, Espagne",restaurant,,Restaurant
203,ChocolaterÃ­a San Gines,"Pasadizo San GinÃ©s, 5, 28013 Madrid, Madrid, Espagne",generic,,Chocolaterie ğŸ«#Ã€ faire
204,San Miguel Market,"Plaza de San Miguel, 3, 28005 Madrid, Espagne",restaurant,,Restaurant#Ã€ faire
205,Restaurante Ten Con Ten,"Cl. de Ayala, 6, 28001 Madrid, Espagne",restaurant,,Restaurant#Ã€ faire
206,Restaurante Casa Lucio,"Calle Cava Baja, 35, BAJO, Madrid Madrid 28005",restaurant,,Restaurant#ğŸ’¸ğŸ’¸#Ã€ faire
207,Frida,"Calle de San Gregorio 8, Madrid Madrid 28003",restaurant,,Restaurant#ğŸ’¸ğŸ’¸#Ã€ faire
208,El Kiosko,"Av. de Josep Tarradellas, 153, 08029 Barcelona",restaurant,,Restaurant#ğŸ´ inconnu#Ã€ faire
209,Oval,"Carrer de ValÃ¨ncia, 199 Barcelona Spain",restaurant,,Restaurant#Ã€ faire
210,Kiosko de Bacoa,"Av. del MarquÃ¨s de l'Argentera, 1 bis, 08003 Barcelona, Barcelona, Espagne",restaurant,,Restaurant#Ã€ faire
211,Santa Burg,"Carrer del Vallespir, 51, 08014 Barcelona, Barcelona, Espagne",restaurant,,Restaurant#Ã€ faire
212,BRO Room,"Carrer de CÃ²rsega, 562, 08025 Barcelona, Espagne",restaurant,,Restaurant#ğŸ’¸#Ã€ faire
213,Timesburg Paris,"Carrer de ParÃ­s, 95, 08029 Barcelona, Barcelona, Espagne",restaurant,,Restaurant#Ã€ faire#TheFork ğŸ´
214,DE PAULA - LÂ´HAMBURGUESERIA DEL POBLE SEC,"Carrer de la Creu dels Molers, 65, 08004 Barcelona, Barcelona, Espagne",restaurant,,ğŸ’¸#Burger ğŸ”ğŸŸ#Ã€ faire
215,Pim Pam Plats,"Carrer del Rec, 18 08003 S. Pere, Santa Caterina, i la Rib. Barcelona Spain",restaurant,,Restaurant#Ã€ faire
216,Makamaka,"Passeig de Joan de BorbÃ³ Comte de Barcelona, 76, 08039 Barcelona, Barcelona, Espagne",restaurant,,Restaurant#Ã€ faire
217,KERB Camden Market,"Camden Market, Camden Lock Pl, London NW1 8AF, Royaume-Uni",restaurant,,Restaurant#ğŸ´ inconnu#Ã€ faire
218,Jardin des artistes,"93160 Noisy-le-Grand, France",beach,,Parcs
219,Pink Mamma,"20 Rue de Douai, 75009 Paris, France",restaurant,,Big Mamma#Restaurant#ğŸ’¸ğŸ’¸#Ã€ faire
220,MELT OBERKAMPF,"74 Rue Folie MÃ©ricourt, Paris 75011",restaurant,,ğŸ’¸ğŸ’¸#Viande#Restaurant#Ã€ faire
221,Oh mon Cake,"154 Rue Saint-HonorÃ©, 75001 Paris, France",restaurant,,PÃ¢tisseries#ğŸ’¸ğŸ’¸#Ã€ faire
222,Boulangerie JOSEPH,"42 Rue des Petits Champs, 75002 Paris, France",restaurant,,PÃ¢tisseries#ğŸ´ inconnu
223,DE BELLES MANIERES,"5 Rue de Turbigo, 75001 Paris, France",restaurant,,PÃ¢tisseries#Boulangerie ğŸ¥–#ğŸ’¸ğŸ’¸#ValidÃ© âœ…
224,246,"Pont de CrÃ©teil, 94100 Saint-Maur-des-FossÃ©s, France",generic,,ğŸ’¸#Grec ğŸ¥™#Halal#ValidÃ© âœ…
225,La Folie du Burger,"5 Avenue de Toulon, 13006 Marseille, France",restaurant,,ğŸ’¸#Burger ğŸ”ğŸŸ#Ã€ faire
226,Homer Lobster - Rambuteau,"21 Rue Rambuteau, 75004 Paris, France",restaurant,,ğŸ’¸#Restaurant#Poisson ğŸŸ
227,Le Special,2 Rue de la Paix 94600 Choisy-le-Roi France,restaurant,Jâ€™ai pris un wich. Vraiment bon et pas cher. Pour 7â‚¬ tâ€™es rassasiÃ© pour le reste de la journÃ©e.,ğŸ’¸#Grec ğŸ¥™#Halal#ValidÃ© âœ…
228,Papa GÃ¢teau Sarl,"27 Rue de Montreuil, 94300 Vincennes, France",restaurant,,ğŸ’¸ğŸ’¸#Boulangerie ğŸ¥–#Ã€ faire
229,Le Mont Liban,"42 Boulevard des Batignolles, 75017 Paris, France",restaurant,,Libanais ğŸ‡±ğŸ‡§#ğŸ’¸ğŸ’¸#Ã€ faire
230,Le Must,"45 Boulevard de Stalingrad, 94400 Vitry-sur-Seine, France",restaurant,,ğŸ’¸#Grec ğŸ¥™#Ã€ faire
231,Pizza de ouf,"10 Rue des Gardes, 75018 Paris, France",restaurant,,ğŸ’¸#PÃ¢tes ğŸ#Pizza ğŸ•#Ã€ faire
232,PNY Marais,"1 Rue PerrÃ©e, 75003 Paris, France",restaurant,ğŸ‘ŒğŸ¾,ValidÃ© âœ…#Burger ğŸ”ğŸŸ#ğŸ’¸ğŸ’¸
233,Buns Paris 5,"8 Rue Gay-Lussac, 75005 Paris, France",restaurant,,ğŸ’¸#Burger ğŸ”ğŸŸ
234,El Guacamole,"35 Rue Yves Toudic ,75010 Paris",restaurant,,ğŸ’¸#Hispanique#Ã€ faire
235,Boulangerie au BlÃ© d'Or,Rue du MarchÃ© 93160 Noisy-le-Grand France,supermarket,,Boulangerie ğŸ¥–#ğŸ’¸#PÃ¢tisseries#ValidÃ© âœ…
236,Pizzeria Iovine's,"7bis Rue du Colonel Driant, Paris 75001",restaurant,,Pizza ğŸ•#ğŸ’¸ğŸ’¸#Ã€ faire
237,Iovineâ€™S Marais,27 Rue de Bretagne Paris France,restaurant,,ğŸ’¸ğŸ’¸#Pizza ğŸ•#Ã€ faire
238,Makido,178 Avenue Jean JaurÃ¨s 75019 Paris France,fastfood,,ğŸ’¸ğŸ’¸#Halal#Asiat#ValidÃ© âœ…
239,Pizzou,"28 Rue de Douai, Paris 75009",restaurant,,ğŸ’¸ğŸ’¸#Pizza ğŸ•#ValidÃ© âœ…#TheFork ğŸ´
240,Maison Plisson,"93 Bd Beaumarchais, Paris 75003",restaurant,,Epicierie Fine#ğŸ’¸ğŸ’¸#Ã€ faire
241,Berko,"23 Rue Rambuteau, 75004 Paris, France",restaurant,Si vous y allez prenez les cupcakes pas les cheesecakes.,ğŸ’¸ğŸ’¸#Fait âœ”ï¸#PÃ¢tisseries
242,Le Comptoir de Mathilde,42 Rue Rambuteau 75003 Paris France,supermarket,,Epicierie Fine#Chocolaterie ğŸ«#Ã€ faire
243,IT Rambuteau,"77 Rue Rambuteau, 75001 Paris, France",restaurant,,ğŸ’¸#Pizza ğŸ•#Ã€ faire
244,Parfume Nicolai,45 Rue des Archives 75003 Paris France,shopping,,Parfumerie#ğŸ’¸ğŸ’¸ğŸ’¸#Ã€ faire
245,OBU - Organisation des Burgers Unis,"200 Rue du Faubourg Saint-Martin, 75010 Paris, France",restaurant,,ğŸ’¸ğŸ’¸#Burger ğŸ”ğŸŸ#Ã€ faire
246,Le Valentin,"30 Passage Jouffroy, 75009 Paris, France",cafe,,PÃ¢tisseries#Ã€ faire
247,La Rose de Tunis,67 Boulevard de Belleville 75011 Paris France,supermarket,,Maghreb/Moyen-Orient#PÃ¢tisseries#Ã€ faire
248,Pizza Momo,"105 Rue Saint-Antoine, 75004 Paris, France",restaurant,,ğŸ’¸ğŸ’¸#Pizza ğŸ•#Ã€ faire
249,Al-Ajami,"58 Rue FranÃ§ois 1er, 75008 Paris, France",restaurant,,ğŸ’¸ğŸ’¸#Libanais ğŸ‡±ğŸ‡§#Ã€ faire#TheFork ğŸ´
250,Les Deux Abeilles,"189 Rue de l'UniversitÃ©, 75007 Paris, France",restaurant,,PÃ¢tisseries#Ã€ faire
251,Yokohama,"6 Rue Joubert, 75009 Paris, France",restaurant,Japonais,Asiat#ğŸ’¸ğŸ’¸#Ã€ faire#TheFork ğŸ´
252,Chiken Time's,"96 Rue Albert Menier, 77186 Noisiel, France",restaurant,,ğŸ’¸#Tacos ğŸ‡«ğŸ‡·#Grec ğŸ¥™#Ã€ faire
253,Candy crepe,"27 Avenue AmpÃ¨re, 77420 Champs-sur-Marne, France",restaurant,,ğŸ’¸#CrÃªperie#Ã€ faire
254,Hall' Food,41 AllÃ©e Parmentier 94000 CrÃ©teil France,fastfood,,ğŸ’¸#Halal#Grec ğŸ¥™#Ã€ faire
255,Schwartz's Deli,"22 Avenue Niel, 75017 Paris, France",restaurant,,ğŸ’¸ğŸ’¸#Restaurant#Burger ğŸ”ğŸŸ#Ã€ faire
256,Le BaÃ¯li CrÃ©ation Burger & Tex Mex Halal,"29 Rue Saint-Blaise, 75020 Paris, France",restaurant,,ğŸ’¸ğŸ’¸#Restaurant#TheFork ğŸ´
257,Emirates Coffee,"41 Boulevard des Provinces FranÃ§aises, 92000 Nanterre, France",restaurant,,ğŸ’¸#Burger ğŸ”ğŸŸ#Tacos ğŸ‡«ğŸ‡·#Halal#ValidÃ© âœ…
258,Brother's CrÃªpes & CafÃ©,1 Avenue Marceau 92400 Courbevoie France,fastfood,,ğŸ’¸#CrÃªperie#Halal#Ã€ faire
259,Restaurant Delice Blankok,177 Rue Maxime Gorki 93150 Le Blanc-Mesnil France,supermarket,,Grec ğŸ¥™#ğŸ’¸#Ã€ faire
260,MG Fast Food,"10 Place de, 95200 Sarcelles, France",restaurant,,Grec ğŸ¥™#ğŸ’¸#Ã€ faire
261,Spirit Cafe,"11 Rue Rameau, 75002 Paris, France",restaurant,,Restaurant#ğŸ’¸ğŸ’¸#Ã€ faire
262,SO Thai,62 Rue du Capitaine Guynemer 92400 Courbevoie France,restaurant,ThaÃ¯landais,ğŸ’¸#Asiat#Ã€ faire
263,Crep's Crew,"1 Rue du Helder, 75009 Paris, France",shopping,,ğŸ’¸#CrÃªperie#Ã€ faire
264,Asian Touch,"211 Rue Saint-Maur, 75010 Paris, France",restaurant,,ğŸ’¸#Asiat#Halal#Ã€ faire
265,Mamma Primi,"71 Rue des Dames, 75017 Paris, France",restaurant,,ğŸ’¸ğŸ’¸#Big Mamma#Ã€ faire#Pizza ğŸ•
266,La Bibimerie - Restaurant Franco-CorÃ©en,"1 rue lucien sampaix, Paris 75010",restaurant,,ğŸ’¸ğŸ’¸#Asiat#Ã€ faire#TheFork ğŸ´
267,CÃ´ My Cantine,"18 Rue de Menilmontant, 75020 Paris, France",restaurant,,ğŸ’¸ğŸ’¸#Asiat#Ã€ faire#TheFork ğŸ´
268,LA BRASSERIE,"50 Boulevard Ornano, 93200 Saint-Denis, France",restaurant,,ğŸ’¸ğŸ’¸#Halal#PÃ¢tes ğŸ#Burger ğŸ”ğŸŸ#Restaurant#Ã€ faire
269,PrivÃ© de dessert,"4 Rue Lallier, 75009 Paris, France",restaurant,,ğŸ’¸ğŸ’¸#Restaurant#Ã€ faire#Zenchef#2ï¸âƒ£
270,All Five,"242 Rue de CrimÃ©e, 75019 Paris-19E-Arrondissement, France",restaurant,,ğŸ’¸#Pizza ğŸ•#Ã€ faire
271,Il Posto,"356 rue des pyrÃ©nÃ©es, Paris 75020",restaurant,,ğŸ’¸ğŸ’¸#Pizza ğŸ•#Ã€ faire
272,Le Bobo,"65 Avenue Michelet, 93400 Saint-Ouen, France",restaurant,,ğŸ’¸#Burger ğŸ”ğŸŸ#ğŸ´ inconnu#Ã€ faire
273,Pontochoux,"18 Rue du Pont aux Choux, 75003 Paris, France",restaurant,,ğŸ’¸ğŸ’¸#Asiat#Ã€ faire
274,4 Saisons,"90 Rue de Provence, 75009 Paris, France",restaurant,,Asiat#ğŸ´ inconnu#Ã€ faire
275,Aki Boulanger,"16 Rue Sainte-Anne, 75001 Paris, France",restaurant,,ğŸ’¸ğŸ’¸#Boulangerie ğŸ¥–#PÃ¢tisseries#ValidÃ© âœ…
276,L'as Tacos,"4 Rue Louis Blanc, 44200 Nantes, France",restaurant,,Tacos ğŸ‡«ğŸ‡·#ğŸ´ inconnu#Ã€ faire
277,La capitale,"22 Avenue Pasteur, 93290 Tremblay-en-France, France",restaurant,,Grec ğŸ¥™#ğŸ´ inconnu#Ã€ faire
278,A La FlÃ»te EnchantÃ©e,"7 Avenue Mozart, 75016 Paris, France",restaurant,,ğŸ’¸ğŸ’¸#Boulangerie ğŸ¥–#Ã€ faire
279,Sanukiya,"9 Rue d'Argenteuil, 75001 Paris, France",restaurant,,Asiat#ğŸ´ inconnu#Ã€ faire
280,NINA'S,"29 Rue Danielle Casanova, 75001 Paris, France",cafe,,ğŸ’¸ğŸ’¸#Salon de thÃ© ğŸµ#Ã€ faire#2ï¸âƒ£
281,Piconi,"3-1 Rue Julien Mira, 93600 Aulnay-sous-Bois, France",restaurant,,ğŸ’¸#Snack#Ã€ faire
282,Arrivederci pizzeria,"47 Rue Gay-Lussac, 75005 Paris, France",restaurant,,ğŸ’¸ğŸ’¸#Ã€ faire#Pizza ğŸ•#TheFork ğŸ´
283,Jimmy 2 fois,15 Rue Letort Paris 75018,restaurant,,Pizza ğŸ•#ğŸ’¸ğŸ’¸#ValidÃ© âœ…#TheFork ğŸ´
284,Cinq Fois Plus,"170 Rue Saint-Martin, 75003 Paris, France",restaurant,Chinois,ğŸ’¸#Ã€ faire#Asiat
285,Rachel,"Rue du MarchÃ© au Charbon 100, 1000 Bruxelles, Belgique",restaurant,,ğŸ´ inconnu#Burger ğŸ”ğŸŸ#Ã€ faire
286,LA BAMBA (Le Jardin Suspendu),"102 Route de la Pyramide, 75012 Paris, France",bar,,Parcs#Ã€ faire
287,La Place Verte,105 Rue Oberkampf Paris France,restaurant,,CafÃ©#ğŸ’¸ğŸ’¸#Ã€ faire
288,Chez Justine,"96 Rue Oberkampf, 75011 Paris, France",restaurant,,ğŸ’¸ğŸ’¸#Trinity Group#Ã€ faire#Pizza ğŸ•
289,LES TRIPLETTES,"102 Boulevard de Belleville, 75020 Paris, France",restaurant,,ğŸ’¸ğŸ’¸#Trinity Group#Ã€ faire#Burger ğŸ”ğŸŸ
290,Tripletta Belleville,"88 Bd de Belleville, 75020 Paris, France",restaurant,,ğŸ’¸ğŸ’¸#Trinity Group#Pizza ğŸ•#Ã€ faire
291,John Viande,"7b Rue de Paradis, 75010 Paris, France",restaurant,,Burger ğŸ”ğŸŸ#ValidÃ© âœ…#ğŸ’¸ğŸ’¸
292,Pizzeria Tripletta Saint Michel,"30 Place Meynard, 33800 Bordeaux, France",restaurant,,Trinity Group#Ã€ faire
293,Le CÃ¨dre,"6 Rue Mouffetard, 75005 Paris, France",restaurant,,Libanais ğŸ‡±ğŸ‡§#ğŸ´ inconnu#Ã€ faire
294,Ricci Eiffel,73 Avenue Bosquet 75007 Paris France,restaurant,,Restaurant#ğŸ’¸ğŸ’¸#Ã€ faire
295,Foucade Paris,"17 Rue Duphot, 75001 Paris, France",cafe,,PÃ¢tisseries#ğŸ’¸ğŸ’¸#Ã€ faire
296,Tomo,"11 Rue Chabanais, 75002 Paris, France",cafe,Japonais,PÃ¢tisseries#Asiat#Ã€ faire#ğŸ’¸ğŸ’¸#Salon de thÃ© ğŸµ
297,Bulliz,"14 Rue d'Hauteville, 75010 Paris, France",restaurant,,ğŸ´ inconnu#PÃ¢tisseries#Ã€ faire
298,MARDI CREPE CLUB,"137 Rue Montmartre, 75002 Paris, France",shopping,,ğŸ’¸#CrÃªperie#ValidÃ© âœ…
299,Louie Louie,"78 Rue de Charonne, Paris 75011",restaurant,,ğŸ’¸ğŸ’¸#Pizza ğŸ•#ValidÃ© âœ…
300,L'Ã©quilibre,"29 Boulevard Malesherbes, 75008 Paris, France",restaurant,,Restaurant#ğŸ’¸ğŸ’¸#Ã€ faire
301,CrÃªperie Gigi,"4 Rue de la Corderie, 75003 Paris, France",restaurant,,Ã€ faire#ğŸ’¸ğŸ’¸#CrÃªperie
302,Rivoluzione,"24 Rue des Taillandiers, 75011 Paris, France",restaurant,,ğŸ´ inconnu#Pizza ğŸ•#Ã€ faire
303,Umami Matcha Cafe,22 Rue BÃ©ranger Paris France,restaurant,,CafÃ©#ğŸ’¸ğŸ’¸#Asiat#Ã€ faire
304,Gallika Madeleine - Restaurant grec,"7 Rue Godot de Mauroy, Paris 75009",restaurant,,ğŸ’¸ğŸ’¸#Grec ğŸ‡¬ğŸ‡·#Ã€ faire
305,L'Alsacien ChÃ¢telet,"6 rue saint bon, Paris 75004",restaurant,,Restaurant#ğŸ’¸#Ã€ faire#TheFork ğŸ´
306,Pasta Linea,"9 Rue de Turenne, 75004 Paris, France",restaurant,,ğŸ´ inconnu#PÃ¢tes ğŸ#Ã€ faire
307,Da Vito,"5 Rue Sedaine, Paris 75011",restaurant,,Pizza ğŸ•#Ã€ faire
308,We are Juice,"34 Rue des Jeuneurs, 75002 Paris, France",restaurant,,ğŸ’¸ğŸ’¸#Sandwich ğŸ¥ª#Ã€ faire
309,Clasico Argentino Marais,"56 Rue de Saintonge, 75003 Paris, France",restaurant,,ğŸ’¸ğŸ’¸#Hispanique#Ã€ faire
310,Sugarplum Cake Shop,68 Rue du Cardinal Lemoine Paris France,supermarket,,CafÃ©#ğŸ´ inconnu#Ã€ faire
311,Croccante,"138 Rue de Vaugirard, 75015 Paris, France",restaurant,,Restaurant#ğŸ´ inconnu#Epicierie#Italien ğŸ‡®ğŸ‡¹#Ã€ faire
312,CREPOLOG,"21 Rue Neuve Saint-Pierre, 75004 Paris, France",shopping,,ğŸ’¸ğŸ’¸#CrÃªperie#ValidÃ© âœ…
313,Yingdeaw homemade,"Siam Square Soi 5 Pathumwan Bangkok, à¹à¸‚à¸§à¸‡ à¸›à¸—à¸¸à¸¡à¸§à¸±à¸™ à¹€à¸‚à¸• à¸›à¸—à¸¸à¸¡à¸§à¸±à¸™ à¸à¸£à¸¸à¸‡à¹€à¸—à¸à¸¡à¸«à¸²à¸™à¸„à¸£ 10330, ThaÃ¯lande",restaurant,,PÃ¢tisseries#Ã€ faire
314,Murray's Bagels,"500 Avenue of the Americas, New York, NY 10011, Ã‰tats-Unis",restaurant,,Sandwich ğŸ¥ª#ğŸ’¸ğŸ’¸#Ã€ faire
315,Bio SphÃ¨re CafÃ©,"47 Rue de Laborde, 75008 Paris, France",shopping,,CafÃ©#Bio/Vegan#ğŸ’¸ğŸ’¸#Ã€ faire
316,Maison Aleph,"20 Rue de la Verrerie, 75004 Paris, France",restaurant,,PÃ¢tisseries#ğŸ’¸ğŸ’¸#Ã€ faire
317,Magnolia Bakery,"1240 6th Ave New York, NY 10020 USA",supermarket,,PÃ¢tisseries#ğŸ’¸ğŸ’¸#Ã€ faire
318,Maison Dandoy - Galeries,BeenhouwersStraat Brussels Belgium,supermarket,,PÃ¢tisseries#ğŸ’¸ğŸ’¸#Ã€ faire
319,DÃ©lices Magic Beau Gosse,"25 Boulevard des AlliÃ©s, 14000 Caen, France",restaurant,,ğŸ’¸#Grec ğŸ¥™#Halal#ValidÃ© âœ…
320,Shake Shack,"Bloomsbury Plaza, 56B New Oxford St, London WC1A 1ES, Royaume-Uni",restaurant,,Burger ğŸ”ğŸŸ#ValidÃ© âœ…
321,Mark Toney & Co Ltd,"53 Grainger St, Newcastle upon Tyne NE1 5JE, Royaume-Uni",cafe,,Restaurant#Ã€ faire
322,Heart Attack Grill,"450 Fremont St Las Vegas, NV 89101 USA",fastfood,,Burger ğŸ”ğŸŸ#Florian On Air#Ã€ faire
323,R&G Lounge,"631 Kearny St, San Francisco, CA 94108, Ã‰tats-Unis",restaurant,,Restaurant#Florian On Air#Poisson ğŸŸ#Ã€ faire
324,Ike'Spress Sandwiches,"66 Powell St San Francisco, CA 94102 USA",fastfood,,Restaurant#Florian On Air#Ã€ faire
325,Take Otac,"89 Rue d'Avron, 75020 Paris, France",restaurant,,Halal#Florian On Air#ğŸ’¸#Hispanique#Ã€ faire#TheFork ğŸ´
326,Naan Factory's,78 Avenue Anatole France 93600 Aulnay-sous-Bois France,fastfood,,Florian On Air#Snack#ğŸ´ inconnu
327,Sweetea's,"61 Rue des Gravilliers, 75003 Paris, France",restaurant,,Restaurant#Florian On Air#ğŸ’¸ğŸ’¸#RÃ©servation#Ã€ faire
328,Eat Salad,"19 Boulevard Montmartre, 75002 Paris, France",restaurant,,Restaurant#Florian On Air#ğŸ’¸#Ã€ faire
329,C La Que C Bon,10 Passage de l'Image Saint-Martin 94000 CrÃ©teil France,restaurant,,Restaurant#Florian On Air#ğŸ´ inconnu#Ã€ faire
330,La Banquette,"2 Rue de la PrÃ©voyance, 94300 Vincennes, France",shopping,,Florian On Air#ğŸ’¸ğŸ’¸#CrÃªperie#Ã€ faire
331,Creperie LA GALANTE,"16 Rue Arthur Fontaine, 93700 Drancy, France",restaurant,,CrÃªperie#Florian On Air#Ã€ faire
332,21 Coree,40 Rue Carnot 92100 Boulogne-Billancourt France,restaurant,CorÃ©en,Florian On Air#Asiat#ğŸ’¸ğŸ’¸#Ã€ faire
333,La Goutte d'Or PÃ¢tisserie,"183 Rue Marcadet, 75018 Paris, France",restaurant,,Florian On Air#PÃ¢tisseries#ValidÃ© âœ…
334,Domicile Pizza,10 Rue Adolphe Mille 75019 Paris France,restaurant,,Florian On Air#ğŸ’¸#Fait âœ”ï¸#Halal
335,Roberta,5 bis rue la Vieuville Abbesses Paris 75018,restaurant,,Florian On Air#ğŸ’¸ğŸ’¸#Pizza ğŸ•#Ã€ faire#TheFork ğŸ´
336,PHARE WEST CRÃŠPERIE,"117 Rue Louis Rouquier, 92300 Levallois-Perret, France",restaurant,,Florian On Air#CrÃªperie#ğŸ´ inconnu#Ã€ faire
337,Home'Lette,8 Avenue de la RÃ©sistance France,restaurant,,Florian On Air#ğŸ´ inconnu#Sandwich ğŸ¥ª#GÃ¢teau ğŸ‚#Ã€ faire
338,Maison Lebon,"13 Rue Lebon, 75017 Paris, France",restaurant,Produits suÃ©dois,Florian On Air#SuÃ©dois ğŸ‡¸ğŸ‡ª#Ã€ faire
339,Le Broc du Vieux Lille,"32 Place Louise de Bettignies, 59000 Lille, France",restaurant,,Florian On Air#Restaurant#ğŸ’¸ğŸ’¸#Zenchef#Ã€ faire
340,Soho Urban Food,14 Rue LÃ©on Trulin Lille France,restaurant,,Florian On Air#Ã€ faire
341,Les Tontons Afro,"42 Rue de La Monnaie, Lille 59000",restaurant,,Florian On Air#Africain#Burger ğŸ”ğŸŸ#ğŸ’¸ğŸ’¸#ValidÃ© âœ…#Zenchef
342,Burger Station,Rue Pierre Mauroy 59800 Lille France,shopping,,Florian On Air#Burger ğŸ”ğŸŸ#Ã€ faire
343,Brasserie La ChicorÃ©e,"15 Place Rihour, 59000 Lille, France",restaurant,,Florian On Air#Bar#Ã€ faire
344,Twister French Food.,182 Rue Pierre Legrand 59800 Lille France,fastfood,,Florian On Air#Snack#Ã€ faire
345,Mitico,"48 Grand Rue, 67000 Strasbourg, France",restaurant,,Florian On Air#Italien ğŸ‡®ğŸ‡¹#ğŸ’¸#Ã€ faire
346,Cam's Cakes,28 Place des Carmes Rouen France,supermarket,,Florian On Air#PÃ¢tisseries#Ã€ faire
347,Quick Grill,"8 Rue PerciÃ¨re, 76000 Rouen, France",restaurant,,Florian On Air#ğŸ’¸#Snack#Ã€ faire
348,Ma Boulangerie,"6 Place du Vieux MarchÃ©, 76000 Rouen, France",restaurant,,Florian On Air#Boulangerie ğŸ¥–#ğŸ´ inconnu#Ã€ faire
349,Nachos mexican grill - Vieux marchÃ©,"Rue du Gros Horloge, 76000 Rouen, France",restaurant,,Florian On Air#Hispanique#Ã€ faire
350,L'Oriflamme,"2 Place de la Visitation, 49100 Angers, France",restaurant,,Florian On Air#ğŸ’¸#Viande#Ã€ faire
351,La Rose Des Sables,"1 Rue du Bouffay, 44000 Nantes, France",restaurant,,Florian On Air#Grec ğŸ¥™#Ã€ faire
352,Boulangerie Chez Pascal,"46 Route du Cap Ferret, 33950 LÃ¨ge-Cap-Ferret, France",shopping,,Florian On Air#Boulangerie ğŸ¥–#Ã€ faire
353,Le RaffinÃ©,"34 Rue du Cardinal de CabriÃ¨res, 34000 Montpellier, France",restaurant,,Florian On Air#Grec ğŸ¥™#ğŸ’¸ğŸ’¸#Ã€ faire
354,Che Boludo Empanadas Argentinas,"10 Rue Boussairolles, 34000 Montpellier, France",restaurant,,Florian On Air#Hispanique#Ã€ faire
355,Croquants Villaret,13 Rue de la Madeleine 30000 NÃ®mes France,supermarket,,Florian On Air#Ã€ faire
356,CarrÃ© Gourmand,12 Rue de la Maison CarrÃ©e 30000 NÃ®mes France,restaurant,,Florian On Air#Grec ğŸ¥™#ğŸ’¸#Ã€ faire
357,Ouest Express Vaise,"41 Rue des Docks, 69009 Lyon, France",restaurant,,Florian On Air#Ã€ faire
358,La Casa Del Burger,"14 AllÃ©e des CÃ¨dres, 69100 Villeurbanne, France",restaurant,,Florian On Air#Snack#Ã€ faire
359,Comedy Pizz,"59 Rue Trarieux, 69003 Lyon, France",restaurant,,Florian On Air#Snack#Ã€ faire
360,A.F.C,"14 Grande Rue de la GuillotiÃ¨re, 69007 Lyon, France",restaurant,,Florian On Air#Africain#Ã€ faire
361,Boulangerie Chez Jules Victor Hugo,"39 Rue Victor Hugo, 69002 Lyon, France",restaurant,,Florian On Air#Boulangerie ğŸ¥–#Ã€ faire
362,A La Marquise,"Maison du Chamarier, 37 Rue Saint-Jean, 69005 Lyon, France",restaurant,,Florian On Air#ğŸ´ inconnu#PÃ¢tisseries#Ã€ faire
363,100 Montaditos,"Calle San Fernando, 29 41004 Santa Cruz Seville Spain",restaurant,,Florian On Air#Hispanique#Ã€ faire
364,Chocolats Favoris,150 Rue Ste-Catherine O MontrÃ©al H2X Canada,supermarket,,Florian On Air#Chocolaterie ğŸ«#ğŸ’¸ğŸ’¸#Ã€ faire
365,Brenda's French Soul Food,"652 Polk St, San Francisco, CA 94102, Ã‰tats-Unis",restaurant,,Florian On Air#ğŸ’¸ğŸ’¸#Soul Food#Ã€ faire
366,El Fogon,"Av Constituyentes, DOWNTOWN, 77720 Playa del Carmen, Q.R., Mexique",restaurant,,Florian On Air#Hispanique#Ã€ faire
367,Key Lime Pie Bakery,"412 Greene Street, Key West FL 33040",music,,Florian On Air#PÃ¢tisseries#ğŸ’¸ğŸ’¸#Ã€ faire
368,Flanigan's Seafood Bar and Grill,"2721 Bird Rd, Coconut Grove, FL 33133, Ã‰tats-Unis",restaurant,,Florian On Air#Poisson ğŸŸ#Bar#Ã€ faire
369,Big Pink,"157 Collins Ave Miami Beach, FL 33139 USA",fastfood,,Florian On Air#Burger ğŸ”ğŸŸ#Ã€ faire
370,Puerto Sagua,"700 Collins Ave Miami Beach, FL 33139 USA",restaurant,,Florian On Air#Hispanique#Ã€ faire
371,Little Cupcake Bakeshop,"30 Prince St, New York, NY 10012, Ã‰tats-Unis",restaurant,,Florian On Air#PÃ¢tisseries#Ã€ faire
372,Flip'n Toss,"82 Christopher St, New York, NY 10014, Ã‰tats-Unis",restaurant,,Florian On Air#ğŸ’¸ğŸ’¸#Burger ğŸ”ğŸŸ#Ã€ faire
373,"Burger, Inc.","353 W 14th St, New York, NY 10014, Ã‰tats-Unis",restaurant,,Florian On Air#Burger ğŸ”ğŸŸ#Ã€ faire
374,Red Lobster,"5 Times Square, New York, NY 10036, Ã‰tats-Unis",restaurant,,Florian On Air#Poisson ğŸŸ#Ã€ faire
375,Chick'nCone,"353 W 14th St, New York, NY 10014, Ã‰tats-Unis",restaurant,,Florian On Air#Poulet ğŸ”#Ã€ faire
376,Jacob Soul Food,"373 Malcolm X Blvd New York, NY 10027 USA",restaurant,,Florian On Air#Soul Food#Ã€ faire
377,Tutti Sensi,14 Rue Norvins 75018 Paris France,supermarket,,ğŸ’¸#Ã€ faire#Glaces ğŸ¨ğŸ¦
378,Snack le Magenta,48 Rue du Chevalier de la Barre 75018 Paris France,supermarket,,PÃ¢tisseries#ğŸ’¸#Ã€ faire
379,Le vrai Paris,"33 Rue des Abbesses, 75018 Paris, France",cafe,,Restaurant#ğŸ’¸ğŸ’¸#Ã€ faire#TheFork ğŸ´#2ï¸âƒ£
380,Le Grenier Ã  Pain Abbesses Bodian,38 rue Des Abesses Paris 75018,restaurant,,Boulangerie ğŸ¥–#ğŸ’¸#Ã€ faire
381,Soon Grill,"78 Rue des Tournelles, 75003 Paris, France",restaurant,,ğŸ’¸ğŸ’¸#Asiat#Halal#Ã€ faire#TheFork ğŸ´
382,Burger Green,"120 Rue du GÃ©nÃ©ral Leclerc, 76000 Rouen, France",restaurant,,Burger ğŸ”ğŸŸ#Halal#Ã€ faire#TheFork ğŸ´
383,Happy Days,"14552 Ventura Blvd, Sherman Oaks, CA 91403, Ã‰tats-Unis",cafe,,Restaurant#Ã€ faire
384,L'Antica Pizzeria da Michele,"Via Cesare Sersale, 1, 80139 Napoli NA, Italie",restaurant,,Pizza ğŸ•#Ã€ faire
385,Owit,"91 Rue Didot, 75014 Paris, France",restaurant,,Grec ğŸ¥™#ğŸ´ inconnu#Ã€ faire
386,L'escale De MÃ©nilmontant,"137 Boulevard de MÃ©nilmontant, 75011 Paris, France",generic,,Grec ğŸ¥™#Ã€ faire
387,Manhattan Hot Dog,7 Rue de la Roquette 75011 Paris France,fastfood,,Hot-Dog ğŸŒ­#ğŸ´ inconnu#Ã€ faire
388,American candy,"147 Oxford St, Soho, London W1D 2JE, Royaume-Uni",shopping,,Fait âœ”ï¸#Ã€ faire
389,The Street Pig BBQ,"Lambeth, Londres SE1 8XX, Royaume-Uni",restaurant,,Viande#Ã€ faire
390,L'Ã‰tÃ© en Pente Douce,"8 Rue Paul Albert, 75018 Paris, France",restaurant,,Restaurant#Ã€ faire
391,Cantine California,"46 rue de turbigo, 75003 Paris, France",restaurant,Commandes par traiteur disponible ,ğŸ’¸ğŸ’¸#Restaurant#Ã€ faire
392,Boneshaker Donuts,"86 Rue d'Aboukir, 75002 Paris, France",restaurant,,PÃ¢tisseries#ValidÃ© âœ…
393,Starvin' Joe,"42 Rue de Charonne, 75011 Paris, France",restaurant,,Burger ğŸ”ğŸŸ#Ã€ faire
394,Jun,"1 Rue de CondÃ©, 75006 Paris, France",restaurant,Japonais,Asiat#ğŸ’¸ğŸ’¸#Ã€ faire#TheFork ğŸ´#2ï¸âƒ£
395,Casa San Pablo,5 Rue de SÃ©vignÃ© Paris France,restaurant,,Restaurant#ğŸ’¸#Ã€ faire
396,Blueberry Maki Bar,"6 Rue du Sabot, 75006 Paris, France",restaurant,Japonais ,ğŸ’¸ğŸ’¸#Asiat#RÃ©servation#Ã€ faire#2ï¸âƒ£
397,Pleyel Burger,"Carrefour Pleyel, 93200 Saint-Denis, France",restaurant,,Burger ğŸ”ğŸŸ#ğŸ´ inconnu#Ã€ faire
398,31 Street - Burgers,"31 Rue Gauthey, 75017 Paris, France",restaurant,,Burger ğŸ”ğŸŸ#ğŸ´ inconnu#Ã€ faire#TheFork ğŸ´
399,La grotte de Chypre,"85 rue mouffetard Paris, 75005 Paris, France",restaurant,,Grec ğŸ¥™#Ã€ faire
400,Caffe Concerto Piccadilly,"29-31 Piccadilly, Piccadilly, Mayfair, London W1J 0LF, Royaume-Uni",restaurant,,PÃ¢tisseries#Ã€ faire
401,Peggy Porschen - Belgravia,"116 Ebury Street, Belgravia London SW1W 9QQ",shopping,,Salon de thÃ© ğŸµ#Ã€ faire
402,Don Luigi,"49 Brixton Station Rd, Brixton, London SW9 8PQ, Royaume-Uni",restaurant,,Pizza ğŸ•#Ã€ faire
403,Other Side fried,"Pop brixton, 49 Brixton station road, Brixton, London SW9 8PQ, Royaume-Uni",restaurant,,Burger ğŸ”ğŸŸ#ValidÃ© âœ…
404,Le Medaillon,85 Avenue de la RÃ©publique 94800 Villejuif France,restaurant,,Restaurant#ğŸ´ inconnu#Ã€ faire
405,Snack Firat,325 Avenue Jean JaurÃ¨s 95100 Argenteuil France,supermarket,,Grec ğŸ¥™#Ã€ faire
406,La Mangerie,"7 Rue de Jarente, 75004 Paris, France",restaurant,,Restaurant#ğŸ´ inconnu#Ã€ faire
407,La CrÃ¨me de Paris,"4 Rue du Faubourg Montmartre, 75009 Paris, France",shopping,,PÃ¢tisseries#ğŸ’¸ğŸ’¸#Ã€ faire
408,Sette Pizza - Paris,"38 Rue du Faubourg Saint-Denis, 75010 Paris, France",restaurant,,Pizza ğŸ•#Ã€ faire#ğŸ’¸ğŸ’¸#TheFork ğŸ´
409,Ozio,"29 bis Rue Saint-Didier, 75116 Paris, France",restaurant,,Pizza ğŸ•#ğŸ´ inconnu#Ã€ faire
410,Karl,"6 Place du Parlement, 33000 Bordeaux, France",restaurant,,Restaurant#ğŸ’¸#Ã€ faire
411,Applebee's,"205 W 50th St, New York, NY 10019, Ã‰tats-Unis",restaurant,,Restaurant#Ã€ faire
412,Di PiÃ¹,"85 Quai des Ã‰tats-Unis, 06300 Nice, France",restaurant,,Italien ğŸ‡®ğŸ‡¹#ğŸ’¸ğŸ’¸#Ã€ faire
413,Lombardo's,"Nieuwe Spiegelstraat 50, 1017 DG Amsterdam, Pays-Bas",restaurant,,Burger ğŸ”ğŸŸ#Ã€ faire
414,Des gÃ¢teaux et du pain,"63 Boulevard Pasteur, 75015 Paris, France",restaurant,,PÃ¢tisseries#Boulangerie ğŸ¥–#ğŸ’¸ğŸ’¸#ValidÃ© âœ…
415,faggio,",France, 72 Rue de Rochechouart, 75009 Paris, France",restaurant,,Pizza ğŸ•#ğŸ´ inconnu#Ã€ faire
416,Carl's Jr,"728 Avenue de Draguignan, 83130 La Garde, France",restaurant,,ğŸ´ inconnu#Burger ğŸ”ğŸŸ#Ã€ faire
417,L'atelier sur la braise - Paris,"23 Rue des Vignoles, 75020 Paris, France",restaurant,,Restaurant#ğŸ’¸ğŸ’¸#Viande#Ã€ faire
418,Fat's Chicken and Waffles,"2726 E Cherry St, Seattle, WA 98122, Ã‰tats-Unis",restaurant,,Soul Food#Ã€ faire
419,Flora Danica,"142 Avenue des Champs-ElysÃ©es, Paris 75008",restaurant,,Restaurant#ğŸ’¸ğŸ’¸#Poisson ğŸŸ#Ã€ faire
420,Action,"30 Boulevard Paul Vaillant Couturier, 94200 Ivry-sur-Seine, France",shopping,,ğŸ’¸#ValidÃ© âœ…#Ã€ bats la hess
421,La Maison du Dim Sum,"4 Rue des FossÃ©s Saint-Jacques, 75005 Paris, France",restaurant,Chinois ,ğŸ’¸ğŸ’¸#Asiat#Ã€ faire
422,Flying Circus,"63 Rue Galande, 75005 Paris, France",restaurant,,PÃ¢tisseries#ValidÃ© âœ…#ğŸ’¸#RIP (FermÃ© definitivement)
423,Baba Zulu,23 Rue Beaurepaire Paris 75010,restaurant,,Soul Food#ğŸ’¸ğŸ’¸
424,Montale Parfums,"68 Rue Pierre Charron, 75008 Paris, France",shopping,,ğŸ’¸ğŸ’¸ğŸ’¸#Parfumerie#Ã€ faire
425,Maison HonorÃ©,"332 Route d'Enghien, 95100 Argenteuil, France",restaurant,,PÃ¢tisseries#ğŸ´ inconnu#Ã€ faire
426,Pizza Di Loretta - Rodier,62 Rue Rodier Paris 75009,restaurant,,Pizza ğŸ•#ğŸ’¸ğŸ’¸#Ã€ faire
427,Babalou,"4 Rue Lamarck, 75018 Paris, France",restaurant,,Pizza ğŸ•#ğŸ’¸ğŸ’¸#Ã€ faire#TheFork ğŸ´
428,Le Papacionu Paris,"7 Rue Cadet, 75009 Paris, France",restaurant,,Pizza ğŸ•#ğŸ’¸ğŸ’¸#Zenchef
429,Kong,"1 Rue du Pont Neuf, 75001 Paris, France",restaurant,,Restaurant#RÃ©servation#ğŸ’¸ğŸ’¸ğŸ’¸#Ã€ faire
430,Caucase House,"8 Avenue Georges Durand, 72100 Le Mans, France",generic,,Restaurant#ğŸ´ inconnu#Ã€ faire
431,Holy Moly Gourmet Burger,"2 Quai Vendeuvre, 14000 Caen, France",restaurant,,ğŸ’¸ğŸ’¸#Burger ğŸ”ğŸŸ#ValidÃ© âœ…
432,Safran,"11 Rue Saint-Sauveur, 14000 Caen, France",restaurant,,Grec ğŸ¥™#ğŸ´ inconnu#Ã€ faire
433,Le P'tit Chou Normand,"65 Rue Saint-Pierre, 14000 Caen, France",restaurant,,Boulangerie ğŸ¥–#ValidÃ© âœ…#ğŸ’¸
434,La Buona Tavola,"47 Rue Saint-Sauveur, 14000 Caen, France",restaurant,,Restaurant#ğŸ´ inconnu#Ã€ faire
435,Pimp My Burger,"10 Rue Anatole France, 92800 Puteaux, France",restaurant,,Burger ğŸ”ğŸŸ#Halal#ğŸ’¸ğŸ’¸#Ã€ faire
436,LE PACHA,"24 Avenue de Fontainebleau, 94270 Le Kremlin-BicÃªtre, France",restaurant,,Grec ğŸ¥™#Halal#ValidÃ© âœ…#ğŸ’¸
437,Snack Taco's,65 Avenue Jean JaurÃ¨s 75019 Paris France,restaurant,,Burger ğŸ”ğŸŸ#Halal#ğŸ´ inconnu#Ã€ faire
438,dreamfood,"41 Rue Mouraud, 75020 Paris, France",restaurant,,Snack#ğŸ´ inconnu#Ã€ faire
439,Edwart Chocolatier,"17 Rue Vieille du Temple, 75004 Paris, France",shopping,,Chocolaterie ğŸ«#Ã€ faire
440,Pancia,"10 Rue des Petites Ã‰curies, 75010 Paris, France",restaurant,,Restaurant#ğŸ’¸ğŸ’¸#Ã€ faire
441,Salatim,"15 Rue des Jeuneurs, 75002 Paris, France",restaurant,,Restaurant#ğŸ’¸ğŸ’¸#Ã€ faire#Zenchef
442,Arby's,"611 8th Ave, New York, NY 10018, Ã‰tats-Unis",restaurant,,Restaurant#ğŸ’¸ğŸ’¸#Ã€ faire
443,La tÃªte dans les nuages,"5 Boulevard des Italiens, 75002 Paris, France",generic,,Arcade ğŸ‘¾#ğŸ’¸ğŸ’¸
444,Planete Regal,"65 Route du PavÃ© Blanc, 92140 Clamart, France",restaurant,,Grec ğŸ¥™#ğŸ´ inconnu#Ã€ faire
445,Twenty Time,93 Avenue Aristide Briand France,fastfood,Pas ouf askip,Grec ğŸ¥™#ğŸ’¸#Ã€ faire
446,V.N.P.,"38 Rue Jean-Pierre Timbaud, 75011 Paris, France",restaurant,Les grecs coÃ»tent entre 8 Ã  10â‚¬,Grec ğŸ¥™#ğŸ’¸#Ã€ faire
447,Aux Merveilleux de Fred,1 Rue du Midi 94300 Vincennes France,supermarket,Pas mal mais je trouve les brioches meilleures que les autres trucs,ğŸ’¸ğŸ’¸#PÃ¢tisseries#ValidÃ© âœ…
448,M.S factory,"112 Route de la Reine, 92100 Boulogne-Billancourt, France",restaurant,,Halal#ğŸ’¸ğŸ’¸#Ã€ faire
449,Tricotin,"15 Av. de Choisy, 75013 Paris, France",restaurant,,Asiat#ValidÃ© âœ…
450,Librairie EMET,"250 bd voltaire, 75011 Paris",library,,Librairie#Ã€ faire
451,Eric Kayser,"18 Rue du Bac, 75007 Paris, France",restaurant,,ğŸ’¸#Ã€ faire
452,PNY OBERKAMPF,"96 Rue Oberkampf, 75011 Paris, France",restaurant,,ğŸ’¸ğŸ’¸#Burger ğŸ”ğŸŸ#ValidÃ© âœ…
453,CafÃ© Citron,"60 Av. des Champs-Ã‰lysÃ©es, 75008 Paris, France",cafe,,CafÃ©#ğŸ’¸ğŸ’¸#Ã€ faire
454,Pizzeria Les Jardins d'Italie,"61-63 Rue Ledru Rollin, 36000 ChÃ¢teauroux, France",restaurant,,Pizza ğŸ•#ğŸ´ inconnu#Ã€ faire
455,Maker,"32 Rue des Jeuneurs, 75002 Paris, France",restaurant,,ğŸ’¸ğŸ’¸#Pizza ğŸ•#ValidÃ© âœ…#TheFork ğŸ´
456,O'Zaman SpÃ©cialitÃ©s Turques,"20 Avenue de Fontainebleau, 94270 Le Kremlin-BicÃªtre, France",restaurant,,Grec ğŸ¥™#ğŸ’¸#ValidÃ© âœ…
457,Mangez Et Cassez-Vous!,64 Rue Alexandre Dumas 75011 Paris France,fastfood,,Burger ğŸ”ğŸŸ#ğŸ’¸#Ã€ faire
458,Au Paradis Tropical,"6 Rue Custine, 75018 Paris, France",restaurant,,Restaurant#Africain#ğŸ’¸ğŸ’¸#Ã€ faire#TheFork ğŸ´
459,At Homes,"6 Rue Gaston Philippe, 93200 Saint-Denis, France",restaurant,,Poulet ğŸ”#Burger ğŸ”ğŸŸ#ğŸ´ inconnu#Ã€ faire
460,Atelier P1,"157 Rue Marcadet, 75018 Paris, France",restaurant,Ateliers de pains chaque mercredi ,Ã€ faire#Boulangerie ğŸ¥–
461,L'AtmosphÃ¨re Aulnay sous Bois,Rue Ambroise ParÃ© 93600 Aulnay-sous-Bois France,restaurant,,Grec ğŸ¥™#Ã€ faire
462,Taiba,80 Avenue de Stalingrad 93200 Saint-Denis France,restaurant,,Grec ğŸ¥™#ğŸ´ inconnu#Ã€ faire
463,Snack Churasqueira de Drancy,75 Avenue Henri Barbusse 93700 Drancy France,supermarket,,Florian On Air#Snack#Ã€ faire
464,La Marinade,"110 Rue du 4 AoÃ»t 1789, 69100 Villeurbanne, France",restaurant,,Tacos ğŸ‡«ğŸ‡·#Ã€ faire
465,Chez Ann Paradis,9 Rue de Paradis Paris France,restaurant,Chinois,Asiat#Ã€ faire
466,Spring Bowl,"10 Rue Bleue, 75009 Paris, France",restaurant,Vietnamien,Asiat#ğŸ’¸ğŸ’¸#Ã€ faire#TheFork ğŸ´
467,La Boulangerie Moderne,"16 Rue des FossÃ©s Saint-Jacques, 75005 Paris, France",restaurant,,Boulangerie ğŸ¥–#Ã€ faire
468,Gino Sorbillo Antica Pizzeria,"Via dei Tribunali, 32, 80134 Napoli, Italie",restaurant,,Pizza ğŸ•#Ã€ faire
469,Chez Antoine,3 Avenue de la RÃ©publique 94300 Vincennes France,restaurant,,Pizza ğŸ•#ValidÃ© âœ…#ğŸ’¸
470,786 Choisy-le-Roi,4 Boulevard de Stalingrad 94600 Choisy-le-Roi France,fastfood,,Grec ğŸ¥™#Ã€ faire
471,Les Grands Buffets,11100 Narbonne France,restaurant,,Restaurant#Ã€ faire
472,Les CommÃ¨res,"31 Rue Victor MassÃ©, 75009 Paris, France",restaurant,,PÃ¢tisseries#ğŸ’¸ğŸ’¸#Ã€ faire
473,Crousty,"6 Avenue de Paris, 94380 Bonneuil-sur-Marne, France",restaurant,,ValidÃ© âœ…#Grec ğŸ¥™#Burger ğŸ”ğŸŸ#ğŸ’¸
474,Boulangerie Jean NoÃ¨l Julien,"1 Rue de Provence, 75009 Paris, France",restaurant,,Boulangerie ğŸ¥–#ValidÃ© âœ…
475,GEMÃœSE - Berliner Kebap,"61 Rue Ramey, 75018 Paris, France",restaurant,,Grec ğŸ¥™#Ã€ faire
476,Fricotin,"85 bis avenue de wagram, 75017 Paris, France",shopping,,CrÃªperie#ğŸ’¸ğŸ’¸#Ã€ faire#TheFork ğŸ´
477,Yummy & Guiltfree,3 rue du Temple 75004 Paris,fastfood,,PÃ¢tisseries#Ã€ faire
478,Burger Road,"49 RUE ROBERT DUPONT, 92600 AsniÃ¨res, Ile-De-France, France",restaurant,,Burger ğŸ”ğŸŸ#Halal#ğŸ’¸#Ã€ faire
479,John Circus,"103 Rue du Faubourg Saint-Denis, 75010 Paris, France",bar,,Pizza ğŸ•#Ã€ faire
480,Africa Delice,75015 Paris France,business,,ğŸ´ inconnu#Maghreb/Moyen-Orient#Ã€ faire
481,Maison Bayat,"112 Boulevard de Magenta, 75010 Paris, France",restaurant,,PÃ¢tisseries#Boulangerie ğŸ¥–#ğŸ’¸#ValidÃ© âœ…
482,Le VIP Paris - Yacht HÃ´tel,"9 Port de la RapÃ©e, 75012 Paris, France",lodging,,Hotel#Ã€ faire
483,AÃ¯ Hsu,"16 Rue Saint-SÃ©bastien, 75011 Paris, France",restaurant,Japonais ,Asiat#ğŸ’¸ğŸ’¸#Ã€ faire#TheFork ğŸ´
484,Ba Mien,180 Avenue de Choisy Paris France,restaurant,Vietnamien,Asiat
485,La Mangue Verte,"100 Avenue Ivry, 75013 Paris, France",restaurant,,Asiat#ğŸ’¸ğŸ’¸#Ã€ faire
486,Hibao Resto,"28 Rue de Malte, 75011 Paris, France",restaurant,,Asiat#ğŸ’¸ğŸ’¸#Ã€ faire
487,Volver,"34 Rue Keller, 75011 Paris, France",restaurant,,Restaurant#ğŸ’¸ğŸ’¸#Ã€ faire
488,Chungking Express,5 Rue de la Tour d'Auvergne 75009 Paris France,restaurant,Chinois ,Asiat#ğŸ’¸ğŸ’¸#Ã€ faire
489,Tonkatsu Tombo,14 Rue de l'ArrivÃ©e Paris France,restaurant,Japonais,Asiat#ğŸ´ inconnu#Ã€ faire
490,CHEZ HAKI,"43 Rue des Gravilliers, 75003 Paris, France",restaurant,,Asiat#ğŸ’¸ğŸ’¸#Ã€ faire#TheFork ğŸ´
491,BBQ Cadet,20 Rue Lamartine Paris France,restaurant,CorÃ©en ,Asiat#ğŸ’¸ğŸ’¸#Ã€ faire#TheFork ğŸ´
492,Bong Republique - Restaurant CorÃ©en,6 Avenue de la RÃ©publique Paris France,restaurant,,Asiat#ğŸ’¸ğŸ’¸#RÃ©servation#Ã€ faire
493,Maison de la Culture Armenienne,17 Rue Bleue Paris France,restaurant,,Europe de l'Est#Ã€ faire
494,Bacabon Izakaya,"90 Rue de Charonne, 75011 Paris, France",restaurant,Japonais,Asiat#ğŸ’¸ğŸ’¸#Ã€ faire#TheFork ğŸ´
495,Petit Bao,"116 rue Saint-Denis, Paris 75002",restaurant,Chinois,Asiat#ğŸ’¸ğŸ’¸#Ã€ faire
496,Junglii,"78 Rue de la JonquiÃ¨re, 75017 Paris, France",restaurant,,Asiat#Ã€ faire#TheFork ğŸ´
497,Rajpoot,31 Rue Charles de Gaulle 94140 Alfortville France,restaurant,Indien,Asiat#ğŸ’¸ğŸ’¸#Ã€ faire
498,Bobae,"38 Rue Pascal, 75013 Paris, France",restaurant,,Asiat#ğŸ’¸ğŸ’¸#Ã€ faire
499,Bao Shelter,"3 Rue Saint-Marc, 75002 Paris, France",restaurant,,Asiat#Burger ğŸ”ğŸŸ#ğŸ’¸ğŸ’¸#ValidÃ© âœ…
500,AUSMANE PARIS,"26 Passage Verdeau, 75009 Paris, France",shopping,,Parfumerie#ğŸ’¸ğŸ’¸#Ã€ faire
501,AU BRAZIER MONTREUIL,"128 Boulevard Chanzy, 93100 Montreuil, France",restaurant,,Poulet ğŸ”#ğŸ’¸#ValidÃ© âœ…
502,Hawaiian pokÃ©,"152 Rue Montmartre, 75002 Paris, France",restaurant,,HawaÃ¯en#ğŸ’¸ğŸ’¸#Ã€ faire
503,Le Camion Qui Fume,"Paris-2E-Arrondissement, 168 Rue Montmartre, 75002 Paris-2E-Arrondissement, France",restaurant,,Burger ğŸ”ğŸŸ#ğŸ’¸ğŸ’¸#ValidÃ© âœ…
504,GOIKO,"106 Rue de Richelieu, 75002 Paris, France",restaurant,,Burger ğŸ”ğŸŸ#ğŸ’¸ğŸ’¸#ValidÃ© âœ…
505,Le Galuchat,40 Rue des Lois 31000 Toulouse France,restaurant,,CrÃªperie#Ã€ faire
506,Patisserie Conte,"37 Rue Croix Baragnon, 31000 Toulouse, France",restaurant,,Boulangerie ğŸ¥–#ValidÃ© âœ…
507,La Bonbonniere,41 Rue des Tourneurs 31000 Toulouse France,supermarket,,PÃ¢tisseries#ğŸ’¸ğŸ’¸#Ã€ faire
508,Midi Minuit,"3 Place du Peyrou, 31000 Toulouse, France",restaurant,,Restaurant#ğŸ´ inconnu#Ã€ faire
509,Le Coyote Burgers,"40 Rue des Lois, 31000 Toulouse, France",restaurant,,Burger ğŸ”ğŸŸ#ğŸ’¸#Ã€ faire
510,Karl Maison du Hot Dog,"14 Rue TemponiÃ¨res, 31000 Toulouse, France",restaurant,,Hot-Dog ğŸŒ­#ğŸ’¸ğŸ’¸#Ã€ faire
511,Au Temple des Douceurs,"8 Rue de Metz, 31000 Toulouse, France",,,PÃ¢tisseries#Ã€ faire
512,Le Paradis Gourmand,45 Rue des Tourneurs 31000 Toulouse France,supermarket,,ğŸ’¸#ValidÃ© âœ…#Divers
513,Puok Burger Store,"Via Francesco Cilea, 104, 80127 Napoli, Italie",restaurant,,Burger ğŸ”ğŸŸ#Ã€ faire
514,Feira Fresca,"64 Boulevard de la RÃ©publique, 92100 Boulogne-Billancourt",donuts,,Portugal ğŸ‡µğŸ‡¹#Epicierie#ğŸ’¸#Ã€ faire
515,BigBang Restaurant,"4 Rue Gay-Lussac, 75005 Paris, France",,CorÃ©en,Asiat#ğŸ’¸ğŸ’¸#Ã€ faire#TheFork ğŸ´
516,Nabou Pastel,"18 Avenue Edouard Vaillant, 93500 Pantin, France",restaurant,,Africain#ğŸ’¸ğŸ’¸#ValidÃ© âœ…#Halal
517,Giovanni Boulangerie Contemporaine,"49 Rue Chardon Lagache, 75016 Paris, France",restaurant,,Boulangerie ğŸ¥–#ValidÃ© âœ…#ğŸ’¸
518,La PÃ¢tisserie Cyril Lignac,"24 Rue Paul Bert, 75011 Paris, France",restaurant,L'Ã©quinoxe est dÃ©licieux ,PÃ¢tisseries#ğŸ’¸ğŸ’¸#ValidÃ© âœ…
519,Alfred Burger - Noisy,"2 Avenue Aristide Briand, 93160, Noisy-le-Grand",restaurant,,Burger ğŸ”ğŸŸ#ğŸ’¸ğŸ’¸#Ã€ faire
520,Onyxia,2 Avenue du GÃ©nÃ©ral de Gaulle 93110 Rosny-sous-Bois France,restaurant,,Restaurant#ğŸ´ inconnu#Ã€ faire
521,Coriandre Paris,"104 Rue de l'Ouest, 75014 Paris, France",restaurant,Indien,ğŸ’¸ğŸ’¸#Asiat#RÃ©servation#Ã€ faire#TheFork ğŸ´
522,Le Merci,29 Rue PoissonniÃ¨re 75002 Paris France,restaurant,,CafÃ©#Ã€ faire
523,Uma Nota,"86 Rue RÃ©aumur, 75002 Paris, France",restaurant,,Hispanique#ğŸ’¸ğŸ’¸#Ã€ faire#TheFork ğŸ´
524,Raton Buveur,"39 Rue Amelot, 75011 Paris, France",bar,,Restaurant#ğŸ’¸ğŸ’¸#Hispanique#Ã€ faire
525,La Mezcaleria Paris,"13 Bd du Temple, 75003 Paris, France",bar,,ğŸ’¸ğŸ’¸#Hispanique#Ã€ faire
526,Le Fil Rouge CafÃ©,"3 Rue RenÃ© Boulanger, 75010 Paris, France",restaurant,,ğŸ’¸ğŸ’¸#Burger ğŸ”ğŸŸ#Ã€ faire#TheFork ğŸ´
527,Golosino,"4 Square Vermenouze, 75005 Paris, France",restaurant,,ğŸ’¸#Pizza ğŸ•#Ã€ faire
528,L'Arobase CafÃ©,"101 Rue Chevaleret, 75013 Paris, France",cafe,,CafÃ©#ğŸ´ inconnu#Ã€ faire
529,Little morocco,"119 Rue Ordener, 75018 Paris, France",restaurant,,Maghreb/Moyen-Orient#ğŸ’¸ğŸ’¸#Ã€ faire#TheFork ğŸ´
530,Sushi Itchi,"1 Rue du Moulinet, 75013 Paris, France",restaurant,,ğŸ’¸ğŸ’¸#Asiat#Ã€ faire
531,Puerto Cacao - Paris 10,"103 Rue du Faubourg Saint-Denis, 75010 Paris, France",shopping,,Chocolaterie ğŸ«#ğŸ´ inconnu#Ã€ faire
532,Chez Sam,"118 Avenue de Clichy, 75017 Paris, France",restaurant,,ğŸ’¸ğŸ’¸#Libanais ğŸ‡±ğŸ‡§#Ã€ faire
533,Le Comptoir GÃ©nÃ©ral,"84 Quai de Jemmapes, 75010 Paris, France",bar,,Restaurant#RÃ©servation#ğŸ’¸ğŸ’¸#Ã€ faire#Zenchef
534,Rice Trotters,"16 Rue Saint-Augustin, 75002 Paris, France",restaurant,,Restaurant#ğŸ´ inconnu#Ã€ faire
535,Marcelle (Marlon),"159 Rue de Grenelle, 75007 Paris, France",restaurant,,Restaurant#ğŸ’¸ğŸ’¸#Ã€ faire
536,Villa Ferretti,"102 Boulevard du PrÃ©sident Wilson, 33000 Bordeaux, France",restaurant,,Restaurant#ğŸ’¸ğŸ’¸#Ã€ faire#TheFork ğŸ´
537,Brasserie L'Excelsior,"50 Rue Henri PoincarÃ©, 54000 Nancy, France",restaurant,,Restaurant#ğŸ’¸ğŸ’¸#Ã€ faire#Zenchef
538,Mme Shawn Thai Bistrot,"18 Rue Caffarelli, 75003 Paris, France",restaurant,Thai,ğŸ’¸ğŸ’¸#Asiat#Ã€ faire#TheFork ğŸ´
539,Hakata Choten,"53 Rue des Petits Champs, 75001 Paris, France",restaurant,Japonais,ğŸ’¸ğŸ’¸#Asiat#Ã€ faire
540,Cosi,"54 Rue de Seine, 75006 Paris, France",restaurant,,ğŸ’¸#Sandwich ğŸ¥ª#Ã€ faire
541,CHEESERS - RESTAURANT REPUBLIQUE ET FOOD TRUCK,3 rue Yves Toudic Paris 75010,restaurant,,Sandwich ğŸ¥ª#Ã€ faire#TheFork ğŸ´
542,BÃ²bÃºn,"Passage des Panoramas, 75002 Paris",fastfood,Vietnamien,Asiat#Burger ğŸ”ğŸŸ#Ã€ faire
543,Burger Road,49 Rue Robert Dupont 92600 AsniÃ¨res-sur-Seine France,supermarket,,Burger ğŸ”ğŸŸ#Ã€ faire
544,Une Glace Ã  Paris,"15 Rue Sainte-Croix de la Bretonnerie, 75004 Paris, France",museum,,Glaces ğŸ¨ğŸ¦#ğŸ’¸ğŸ’¸#Ã€ faire
545,Le Pain Quotidien Varenne,"25 rue de Varenne, Paris Ãle-de-France 75007",restaurant,,Boulangerie ğŸ¥–#Ã€ faire
546,Les PÃ¨res PoPulaires,"46 Rue de Buzenval, 75020 Paris, France",restaurant,,Bar#Ã€ faire
547,Jacques Genin Turenne,133 rue de Turenne 75003 Paris,restaurant,"Coumarine, Praliesse, L, Tonka Teck ğŸ˜‹ğŸ¤¤",ğŸ’¸ğŸ’¸#Chocolaterie ğŸ«#ValidÃ© âœ…
548,Pascade,14 Rue Daunou Paris France,restaurant,,Restaurant#ğŸ’¸ğŸ’¸#RÃ©servation#Ã€ faire
549,CafÃ© foufou,"10 Rue Oberkampf, 75011 Paris, France",cafe,,CafÃ©#Ã€ faire
550,Librairie PrÃ©sence Africaine,"25 bis Rue des Ã‰coles, 75005 Paris, France",shopping,,Librairie#Ã€ faire
551,Tamery,19 Rue du Chalet 75010 Paris France,library,,Librairie#Ã€ faire
552,Kott CafÃ©,"19 Rue Ternaux, 75011 Paris, France",cafe,,CafÃ©#Ã€ faire
553,Rodizio Brazil - Colombes,157 Bd Charles De Gaulle Colombes 92700,restaurant,,Viande#Ã€ faire
554,Afi Papilles,"21 Rue de la Mairie, 77420 Champs-sur-Marne, France",restaurant,,PÃ¢tisseries#ğŸ’¸ğŸ’¸#Ã€ faire
555,808 Mac and Cheese,"21 Boulevard du Temple, 75003 Paris, France",restaurant,,PÃ¢tes ğŸ#Ã€ faire
556,Constantia,94 Rue des Martyrs,restaurant,,Pizza ğŸ•#ğŸ’¸ğŸ’¸#Ã€ faire
557,Maison Castro,25 Rue EugÃ¨ne Jumin 75019 Paris France,wine,,Sandwich ğŸ¥ª#Ã€ faire
558,Afrik asian soul,"23 Rue EugÃ¨ne Jumin, 75019 Paris, France",restaurant,,Africain#ValidÃ© âœ…#ğŸ’¸ğŸ’¸
559,Heat's,127 Avenue Jules VallÃ¨s 91200 Athis-Mons France,fastfood,,Grec ğŸ¥™#Ã€ faire
560,ALDI,12 rue De L'UniversitÃ© Noisy Le Grand 93160,supermarket,,Ã€ bats la hess#ğŸ’¸#ValidÃ© âœ…
561,CRISPY SOUL Paris 15,101 Rue Brancion Paris 75015,restaurant,"Lâ€™accueil, le service et le repas Ã©taient au top ğŸ‘ŒğŸ¾. ",Soul Food#ğŸ’¸ğŸ’¸#ValidÃ© âœ…#Halal
562,Boulangerie Loquer Jean-Pierre,25 Rue des Morillons 75015 Paris France,supermarket,,Boulangerie ğŸ¥–#Ã€ faire
563,Boulangerie Max PoilÃ¢ne,87 Rue Brancion 75015 Paris France,supermarket,,Boulangerie ğŸ¥–#Ã€ faire
564,"BRAVO, la fabrique de pÃ¢tes","41 Rue des Jeuneurs, 75002 Paris, France",restaurant,TrÃ¨s bonne pÃ¢tes pour pas trÃ¨s cher dans un bon environnement + la panna cotta qui est succulente ğŸ˜‹,PÃ¢tes ğŸ#ğŸ’¸#ValidÃ© âœ…
565,Big Joe soul food corner,"258 Boulevard Voltaire, 75011 Paris, France",restaurant,,Soul Food#Burger ğŸ”ğŸŸ#ValidÃ© âœ…#ğŸ’¸ğŸ’¸
566,Galaxia 3,"58 Avenue de la RÃ©publique, 94120 Fontenay-sous-Bois",generic,,Boulangerie ğŸ¥–#ValidÃ© âœ…#ğŸ’¸
567,Moulin de Chessy,19 Rue D'Ariane 77700 Chessy France,restaurant,,PÃ¢tisseries#ğŸ’¸ğŸ’¸#ValidÃ© âœ…
568,La Maison du ZÃ©ro DÃ©chet,1 passage Emma CalvÃ© Paris 75012,family,,Bio/Vegan#Ã€ faire
569,Dominique Saibron,77 Avenue du GÃ©nÃ©ral Leclerc 75014 Paris France,restaurant,,Boulangerie ğŸ¥–#Ã€ faire
570,Boulangerie Briard et Fils,37 Rue de Paris 78600 Maisons-Laffitte France,supermarket,,Boulangerie ğŸ¥–#Ã€ faire
571,Boulangerie Raphaelle,1 Rue Feutrier Paris France,supermarket,,Boulangerie ğŸ¥–#ValidÃ© âœ…
572,Les Belles Envies,"3 Rue Monge, 75005 Paris, France",restaurant,,PÃ¢tisseries#Ã€ faire
573,Solques Bruno,"243 Rue Saint-Jacques, 75005 Paris, France",supermarket,,Boulangerie ğŸ¥–#ğŸ’¸ğŸ’¸
574,Restaurant Pizza Kebab Ariane,"11 Rue de Boston, 67000 Strasbourg, France",restaurant,,Pizza ğŸ•#Grec ğŸ¥™#Ã€ faire
575,Tartelettes,"102 Rue Montmartre, 75002 Paris, France",restaurant,,PÃ¢tisseries#Ã€ faire
576,Ã– Classic,"3 Rue du Soleil, 67300 Schiltigheim",generic,,Grec ğŸ¥™#Ã€ faire
577,Henri Bouillet,"15 Place de la Croix-Rousse, 69004 Lyon, France",shopping,,Chocolaterie ğŸ«#PÃ¢tisseries#Ã€ faire
578,Maison Auguste,215 Rue de Vaugirard 75015 Paris France,fastfood,,Restaurant#Ã€ faire
579,Anacoco,98 Boulevard d'Alsace-Lorraine 94170 Le Perreux-sur-Marne France,generic,,ğŸ’¸ğŸ’¸#Soul Food#Burger ğŸ”ğŸŸ#ValidÃ© âœ…
580,SHINZO PARIS,"39 Rue Ã‰tienne Marcel, 75001 Paris, France",shopping_women,,Bazar#Ã€ faire
581,MAMAMIA PARIS,"5 bis Rue Vernet, 75008 Paris, France",restaurant,,Restaurant#Ã€ faire#TheFork ğŸ´
582,L'effilochÃ©,"5 Rue du Centenaire, 93100 Montreuil",generic,,Sandwich ğŸ¥ª#ğŸ’¸ğŸ’¸#ValidÃ© âœ…#Florian On Air
583,Patisserie de Saison,"65 Avenue d'Ivry, 75013 Paris, France",supermarket,Les Perles Cocos ğŸ˜‹â˜ºï¸,ğŸ’¸#Asiat#ValidÃ© âœ…
584,Shinya Pain Montmartre,"41 Rue des Trois FrÃ¨res, 75018 Paris, France",restaurant,,Boulangerie ğŸ¥–#Ã€ faire
585,BINICI,"18 Rue Chapon, 75003 Paris, France",supermarket,,PÃ¢tisseries#Ã€ faire
586,Ã€ la MÃ¨re de Famille,"35, rue du Faubourg Montmartre, 75009 Paris",shopping,,ğŸ’¸ğŸ’¸#Chocolaterie ğŸ«#ValidÃ© âœ…
587,La Grange Ã  Pain,"12 Rue Mabillon, 75006 Paris, France",supermarket,,ğŸ’¸#Boulangerie ğŸ¥–#ValidÃ© âœ…
588,French Soul Food,16 Rue Pierre Brossolette 93130 Noisy-le-Sec France,restaurant,,ğŸ’¸#Soul Food#ValidÃ© âœ…
589,Câ€™est Mon Donuts,"49 Rue du Chemin Vert, 75011 Paris, France",generic,Bon mais trÃ¨s sucrÃ© ,ğŸ’¸ğŸ’¸#ValidÃ© âœ…
590,Wings and Chill,"70 Rue Alexandre Dumas, 75011 Paris",generic,,ğŸ’¸#Burger ğŸ”ğŸŸ#Poulet ğŸ”#ValidÃ© âœ…
591,pita pit,"259 Rue du Faubourg Saint-Antoine, 75011 Paris, France",restaurant,,ğŸ’¸#ValidÃ© âœ…#Bio/Vegan#TheFork ğŸ´
592,Yummy Thai,"42 Rue de MÃ©nilmontant, 75020 Paris, France",restaurant,ThaÃ¯landais ğŸ‡¹ğŸ‡­,ğŸ’¸#Asiat#ValidÃ© âœ…#RIP (FermÃ© definitivement)
593,Princesse CafÃ©,32 Rue Bichat Paris 75010,restaurant,,ğŸ’¸ğŸ’¸#Brunch#ValidÃ© âœ…#TheFork ğŸ´
594,Babka Zana,"65 Rue Condorcet, 75009 Paris, France",restaurant,,ğŸ’¸#PÃ¢tisseries#ValidÃ© âœ…
595,Les Freres Chapelier,32 Rue de Bayard 31000 Toulouse France,supermarket,,ğŸ’¸#Boulangerie ğŸ¥–#ValidÃ© âœ…#Bio ğŸ‘¨â€ğŸŒ¾
596,EL CHIVITO IBERICO,"63 Rue PargaminiÃ¨res, 31000 Toulouse, France",restaurant,,ğŸ’¸ğŸ’¸#Hispanique#ValidÃ© âœ…
597,Prima Lova,"1 Place de la Bourse, 31000 Toulouse, France",restaurant,,ğŸ’¸ğŸ’¸#Pizza ğŸ•#ValidÃ© âœ…
598,Orto Italian Streetfood,6 Rue Peyras 31000 Toulouse France,fastfood,,ğŸ’¸ğŸ’¸#Sandwich ğŸ¥ª#ValidÃ© âœ…
599,Les Toulous'Hein,71 Rue de la Pomme 31000 Toulouse France,fastfood,,ğŸ’¸ğŸ’¸#Burger ğŸ”ğŸŸ#ValidÃ© âœ…
600,Pizzeria D'Alexis,12 Rue de la RÃ©publique 31300 Toulouse France,restaurant,,ğŸ’¸ğŸ’¸#Pizza ğŸ•#ValidÃ© âœ…
601,Bouche B,36 Rue des Filatiers 31000 Toulouse France,fastfood,,ğŸ’¸#Burger ğŸ”ğŸŸ#ValidÃ© âœ…
602,Antica Salumeria,1 Rue des Arts 31000 Toulouse France,restaurant,,ğŸ’¸ğŸ’¸#Epicierie Fine#Italien ğŸ‡®ğŸ‡¹#ValidÃ© âœ…
603,Les Biscuits de Mr Laurent (PAU),"1 Rue Bordenave d'Abere, 64000 Pau, France",shopping,,ğŸ’¸#Cookie ğŸª#ValidÃ© âœ…
604,Quoi the,13 Rue du Mirail 33000 Bordeaux France,generic,,ğŸ’¸#ValidÃ© âœ…#Bubble Tea
605,Boulangerie Louis Lamour,"HÃ´tel de Ville - Quinconces, 33000 Bordeaux, France",restaurant,,ğŸ’¸#Boulangerie ğŸ¥–#ValidÃ© âœ…
606,La Maison Darricau,7BIS Rue de la Vieille Tour 33000 Bordeaux France,supermarket,,ğŸ’¸ğŸ’¸#Chocolaterie ğŸ«#ValidÃ© âœ…
607,MÃ¸na,"20 Rue de la Vieille Tour 18 et, 33000 Bordeaux, France",cafe,,ğŸ’¸ğŸ’¸#Salon de thÃ© ğŸµ#ValidÃ© âœ…
608,Dunes Blanches chez Pascal,"7 Rue de la Vieille Tour, 33000 Bordeaux, France",restaurant,,ğŸ’¸#PÃ¢tisseries#ValidÃ© âœ…
609,Baillardran - Rue des 3 Conils,"41 Rue des Trois-Conils, 33000 Bordeaux, France",restaurant,,ğŸ’¸ğŸ’¸#PÃ¢tisseries#ValidÃ© âœ…
610,Sambrosa,18 Rue Saint-SimÃ©on 33000 Bordeaux France,generic,Quel dÃ©lice les quesadillas ğŸ˜‹ğŸ¤¤ !,ğŸ’¸ğŸ’¸#Hispanique#ValidÃ© âœ…
611,Sweet Pepper - Ã©picerie fine,"10 Rue des Ayres, 33000 Bordeaux, France",shopping,Sauces piquantes ,ğŸ’¸ğŸ’¸#Epicierie Fine#ValidÃ© âœ…
612,Au Petit Paradis,"31 Avenue Ã‰tienne BilliÃ¨res, 31300 Toulouse",generic,,ğŸ’¸#Boulangerie ğŸ¥–#ValidÃ© âœ…
613,POGGETTI - Pizzeria e Cucina Italiana,"32 Rue Gaspard Philippe, 33800 Bordeaux, France",restaurant,,ğŸ’¸ğŸ’¸#Pizza ğŸ•#ValidÃ© âœ…
614,Patisserie S.,"8 Cours d'Alsace et Lorraine, 33000 Bordeaux",generic,,ğŸ’¸#PÃ¢tisseries#ValidÃ© âœ…
615,Le Refectoire,31 Rue du ChÃ¢teau d'Eau Paris France,fastfood,,Traiteur#ğŸ’¸ğŸ’¸#Ã€ faire
616,Kokomo Cantine,"9 Place Fernand Lafargue, 33000 Bordeaux, France",restaurant,,ğŸ’¸ğŸ’¸#Burger ğŸ”ğŸŸ#ValidÃ© âœ…
617,Pic/Nic,28 Rue de L'Ã‰chiquier Paris France,restaurant,CorÃ©en ,ğŸ’¸#Asiat#ValidÃ© âœ…
618,Urfa Durum,56 Rue du Faubourg Saint-Denis Paris France,fastfood,,ğŸ’¸#Viande#ValidÃ© âœ…
619,JulhÃ¨s Paris,54 Rue du Faubourg Saint-Denis 75010 Paris,shopping,,ğŸ’¸ğŸ’¸#Boulangerie ğŸ¥–#Epicierie Fine#ValidÃ© âœ…
620,Dumpling Queen,"22 Rue de l'Ã‰chiquier, 75010 Paris France",generic,,ğŸ’¸#Asiat#ValidÃ© âœ…
621,La Droguerie,"47 Rue du Faubourg Saint-Denis, 75010 Paris",generic,,ğŸ’¸#CrÃªperie#ValidÃ© âœ…
622,MaMi,44 Rue du Faubourg du Temple Paris 75011,restaurant,,ğŸ’¸#Sandwich ğŸ¥ª#PÃ¢tisseries#ValidÃ© âœ…
623,Kozy Lafayette,"46 Rue la Fayette, 75009 Paris, France",restaurant,,ğŸ’¸ğŸ’¸#Brunch#CafÃ©#ValidÃ© âœ…
624,Aux PÃ©chÃ©s Normands,"9 Rue du Faubourg du Temple, 75010 Paris, France",restaurant,Les niflettes ğŸ˜‹,ğŸ’¸#Boulangerie ğŸ¥–#PÃ¢tisseries#ValidÃ© âœ…
625,CrÃ¨me Brussels,"Rue de Rollebeek 30, 1000 Bruxelles, Belgique",restaurant,,ğŸ’¸ğŸ’¸#Brunch#Ã€ faire
626,Berlin Fabrik,"Place de la Chapelle 17, 1000 Bruxelles, Belgique",restaurant,,ğŸ´ inconnu#Burger ğŸ”ğŸŸ#Ã€ faire
627,coco donuts,"Rue Sainte-Anne 36, 1000 Bruxelles, Belgique",donuts,,ğŸ’¸#Ã€ faire#PÃ¢tisseries
628,L'atelier en Ville,"Rue Haute 64, 1000 Bruxelles, Belgium",cafe,,ğŸ´ inconnu#Ã€ faire
629,Tich,"Rue de Namur 25, 1000 Bruxelles, Belgique",restaurant,,ğŸ´ inconnu#Ã€ faire
630,NÃ©nu,"Rue Dejoncker 21, 1060 Saint-Gilles, Belgique",restaurant,,ğŸ´ inconnu#Ã€ faire
631,Fika Coffee,Rue de la Paix 17 1050 Ixelles Belgium,restaurant,,ğŸ´ inconnu#Ã€ faire
632,Chyl,Belle-VueStraat Brussels Belgium,restaurant,,ğŸ´ inconnu#Ã€ faire
633,Ici,"1050, Rue Darwin 35, 1050 Ixelles, Belgique",restaurant,,ğŸ´ inconnu#Ã€ faire
634,Les Super Filles du Tram,"Rue Lesbroussart 22, 1050 Bruxelles, Belgique",restaurant,,ğŸ´ inconnu#Ã€ faire
635,Restaurant Inzia,"Rue de la Paix 37, 1050 Ixelles, Belgique",restaurant,,ğŸ´ inconnu#Ã€ faire
636,Boulangerie Charli,"Rue Sainte-Catherine 34, 1000 Bruxelles, Belgique",restaurant,,ğŸ’¸#Boulangerie ğŸ¥–#ValidÃ© âœ…
637,Le Dillens,"Place Julien Dillens, 1060 Saint-Gilles, Belgique",cafe,,ğŸ´ inconnu#Ã€ faire
638,8tea5 Brussels,Rue des Fripiers 17 Brussels Belgium,cafe,,ğŸ´ inconnu#Ã€ faire
639,TERO,"Rue St.Bernard 1, 1060 Saint-Gilles, Belgique",restaurant,,ğŸ´ inconnu#Ã€ faire
640,OLD BOY,"Rue de Tenbosch 110, 1050 Ixelles, Belgique",restaurant,,ğŸ´ inconnu#Ã€ faire
641,Wolf Sharing Food Market,"Rue du FossÃ© aux Loups 50, 1000 Bruxelles, Belgique",restaurant,Beef Pan Toukoul ğŸ‡ªğŸ‡¹ âœ…,ğŸ’¸ğŸ’¸#ValidÃ© âœ…#Africain
642,Frit Flagey,"Place EugÃ¨ne Flagey, 1050 Ixelles, Belgique",generic,,ğŸ’¸#ğŸŸ#ValidÃ© âœ…
643,Renard Bakery,"Place Fernand Cocq 3, 1050 Ixelles, Belgique",restaurant,,ğŸ’¸#Boulangerie ğŸ¥–#PÃ¢tisseries#ValidÃ© âœ…
644,Grain Bakery,"Rue de l'Aqueduc 84, 1050 Ixelles, Belgique",restaurant,,ğŸ’¸#Boulangerie ğŸ¥–#ValidÃ© âœ…
645,Manhattn's Burgers,"Rue Henri Maus 39, 1000 Bruxelles, Belgique",restaurant,,ğŸ’¸ğŸ’¸#Burger ğŸ”ğŸŸ#ValidÃ© âœ…
646,PoZ CafÃ©,"Rue Defacqz 94, 1060 Saint-Gilles, Belgique",cafe,,ğŸ’¸ğŸ’¸#Brunch#CafÃ©#ValidÃ© âœ…
647,Chalet Robinson,"Sentier de l'EmbarcadÃ¨re 1, 1000 Bruxelles, Belgique",restaurant,Le meilleur brunch que jâ€™ai fait jusquâ€™Ã  prÃ©sent. En plus de la bonne nourriture lâ€™environnement autour de lâ€™Ã©tablissement est magnifique.,ğŸ’¸ğŸ’¸#Brunch#ValidÃ© âœ…
648,Le Kalu Ethnic Food,"83 rue de l'Ã©glise Saint-Gilles, 1060 Brussel, Belgique",restaurant,,ğŸ’¸ğŸ’¸#Africain#Poulet ğŸ”#ValidÃ© âœ…
649,Tough cookie,"Rue Berthelot 108, 1190 Forest Belgique",donuts,Dans le top des meilleurs cookies que jâ€™ai mangÃ©. (Uniquement sur commande internet pour le moment),ğŸ’¸#ValidÃ© âœ…#Cookie ğŸª
650,Kafei,"Chau. de Vleurgat 147, 1000 Bruxelles, Belgique",restaurant,,ğŸ’¸ğŸ’¸#CafÃ©#Ã€ faire
651,Rambo,Washingtonstraat 1050 Elsene Belgium,generic,,ğŸ’¸ğŸ’¸#Burger ğŸ”ğŸŸ#Ã€ faire
652,Kicoucou,"Rue de la Creche 17, 1050 Ixelles",restaurant,,ğŸ’¸ğŸ’¸#Burger ğŸ”ğŸŸ#Ã€ faire
653,Hashtag Chicken & Waffles,"PlÃ©tinckxstraat 55, 1000 Bruxelles",generic,,ğŸ’¸ğŸ’¸#Soul Food#ValidÃ© âœ…
654,Bobbi Bao,Rue Henri Maus 25 1000 Brussels Belgium,restaurant,,ğŸ’¸#Asiat#Ã€ faire
655,Fritland,Henri Mausstraat 9 Brussels Belgium,restaurant,,ğŸ’¸#ğŸŸ#Ã€ faire
656,Neuhaus Chocolates,Grand Place 27 Brussel 1000,generic,,ğŸ’¸ğŸ’¸#Chocolaterie ğŸ«#ValidÃ© âœ…
657,Elisabeth,"Rue au Beurre 43, 1000 Brussel, Belgique",shopping,,ğŸ’¸ğŸ’¸#Chocolaterie ğŸ«#ValidÃ© âœ…
658,Restaurant MEERT,"27 Rue Esquermoise, 59000 Lille, France",restaurant,,ğŸ’¸ğŸ’¸#PÃ¢tisseries#Chocolaterie ğŸ«#ValidÃ© âœ…
659,Boulangerie-PÃ¢tisserie Brier,"118 Rue Esquermoise, 59000 Lille, France",restaurant,,ğŸ’¸#Boulangerie ğŸ¥–#PÃ¢tisseries#ValidÃ© âœ…
660,Chouchou,"47 Rue d'Angleterre, 59800 Lille, France",generic,,ğŸ’¸ğŸ’¸#PÃ¢tisseries#ValidÃ© âœ…
661,Maison MaÃ©,"17 Rue du ChÃ¢teau d'Eau, 75010 Paris France",bakery,,ğŸ’¸#Boulangerie ğŸ¥–#PÃ¢tisseries#ValidÃ© âœ…
662,Dear Jane,"58 Rue Sainte-Anne, 75002 Paris, France",restaurant,,ğŸ’¸ğŸ’¸#Cookie ğŸª#ValidÃ© âœ…
663,"Juliane, pÃ¢tisseries naturelles","169 Rue Pierre Mauroy, 59800 Lille France",generic,,ğŸ’¸#Salon de thÃ© ğŸµ#ValidÃ© âœ…
664,Crackbuns,"AuguststraÃŸe 63 Mitte, 10117 Berlin Germany",fastfood,,ğŸ’¸#Burger ğŸ”ğŸŸ#ValidÃ© âœ…
665,BÃ¤ckerei und Konditorei in der SophienstraÃŸe,"SophienstraÃŸe 30, 10178 Berlin, Allemagne",restaurant,,ğŸ’¸#PÃ¢tisseries#ValidÃ© âœ…
666,Die Stulle,"CarmerstraÃŸe 10, 10623 Berlin, Allemagne",restaurant,,ğŸ’¸#CafÃ©#Brunch#ValidÃ© âœ…
667,goldies,"OranienstraÃŸe 6, 10997 Berlin, Allemagne",restaurant,,ğŸ’¸ğŸ’¸#Burger ğŸ”ğŸŸ#ValidÃ© âœ…
668,Burgermeister,"Skalitzer Str. 136, 10999 Berlin, Tyskland",restaurant,,ğŸ’¸#Burger ğŸ”ğŸŸ#ValidÃ© âœ…
669,Zeit fÃ¼r Brot,"Alte SchÃ¶nhauser Str. 4, 10119 Berlin, Germania",restaurant,,ğŸ’¸ğŸ’¸#Boulangerie ğŸ¥–#ValidÃ© âœ…
670,Piriâ€™s Chicken Burger,"BoddinstraÃŸe 61 NeukÃ¶lln, 12053 Berlin Germany",fastfood,,ğŸ’¸ğŸ’¸#Burger ğŸ”ğŸŸ#ValidÃ© âœ…
671,What do you fancy love Mitte,"LinienstraÃŸe 41, 10119 Berlin, Allemagne",cafe,,ğŸ’¸ğŸ’¸#CafÃ©#Brunch#ValidÃ© âœ…
672,Mustafa's Gemuese Kebab,"MehringDamm 32 Kreuzberg, 10961 Berlin Germany",fastfood,,ğŸ’¸#Grec ğŸ¥™#ValidÃ© âœ…
673,Round & Edgy,"RochstraÃŸe 3, Mitte, 10178 Berlin",donuts,,ğŸ’¸ğŸ’¸#Cookie ğŸª#ValidÃ© âœ…
674,Mubis Cookies,"Reichenberger StraÃŸe 176, Kreuzberg, 10999 Berlin",donuts,,ğŸ’¸ğŸ’¸#Cookie ğŸª#ValidÃ© âœ…
675,LINDNER,"Mall of berlin, Leipziger Platz 12, 10117 Berlin, Allemagne",shopping,,ğŸ’¸ğŸ’¸#Boulangerie ğŸ¥–#ValidÃ© âœ…
676,KaDeWe,"TAUENTZIENSTRASSE, 21 - 24 - Third Floor</br>Berlin,Deutschland,10789, Kadewe, Berlin Berlin 10789",shopping,,ğŸ’¸ğŸ’¸ğŸ’¸#Epicierie Fine#ValidÃ© âœ…#Grand Magasin ğŸ›
677,Blue Rooster,44 Boulevard Voltaire 75011 Paris France,civic,,ğŸ’¸ğŸ’¸#Soul Food#ValidÃ© âœ…
678,Alban Guilmet,6 Rue Saint-Jean 14000 Caen France,restaurant,,ğŸ’¸#Chocolaterie ğŸ«#ValidÃ© âœ…
679,Chicago Factory,16 Rue Henri Desgrange 75012 Paris France,generic,,ğŸ’¸#Burger ğŸ”ğŸŸ#PÃ¢tes ğŸ#Halal#ValidÃ© âœ…
680,Ernest & Valentin,"225 Rue de Charenton, Paris 75012",restaurant,,ğŸ’¸#Boulangerie ğŸ¥–#PÃ¢tisseries#ValidÃ© âœ…
681,The french bastards,"61-55 Rue Oberkampf, 75011 Paris, Francia",restaurant,,ğŸ’¸ğŸ’¸#Boulangerie ğŸ¥–#ValidÃ© âœ…
682,Cake Life Coffee,Rue Corbineau 75012 Paris France,restaurant,,ğŸ’¸#CafÃ©#ValidÃ© âœ…#Salon de thÃ© ğŸµ
683,WOW TEA,"16 Rue Saint-Augustin, 75002 Paris, France",shopping,,ğŸ’¸#Bubble Tea#Asiat#ValidÃ© âœ…
684,B.O.U.L.O.M,"181 Rue Ordener, 75018 Paris, France",restaurant,,ğŸ’¸ğŸ’¸#Boulangerie ğŸ¥–#Restaurant#ValidÃ© âœ…
685,HOMADE,"20 Rue Jacques Louvel-Tessier, 75010 Paris, France",restaurant,,ğŸ’¸ğŸ’¸#Brunch#Restaurant#ValidÃ© âœ…
686,Sain Boulangerie,"13 Rue Alibert, 75010 Paris, France",restaurant,,ğŸ’¸#Boulangerie ğŸ¥–#PÃ¢tisseries#ValidÃ© âœ…
687,Carton Paris,"6 Bd de Denain, 75010 Paris, France",restaurant,,ğŸ’¸#Boulangerie ğŸ¥–#PÃ¢tisseries#ValidÃ© âœ…
688,The Hamburger Foundation,"Rue Philippe-Plantamour 37, 1201 GenÃ¨ve, Suisse",restaurant,,ğŸ’¸ğŸ’¸#Burger ğŸ”ğŸŸ#ValidÃ© âœ…
689,C und M,"AlmisgÃ¤ssli 1, 3818 Grindelwald, Suisse",restaurant,,ğŸ’¸ğŸ’¸#CafÃ©#Bar#Restaurant#ValidÃ© âœ…
690,Favarger,Quai des Bergues 19 1201 Geneva Switzerland,shopping,,ğŸ’¸ğŸ’¸#Chocolaterie ğŸ«#ValidÃ© âœ…
691,Anna Maria Dimiou,Rue du Mont-Blanc 20 1201 Geneva Switzerland,generic,,ğŸ’¸ğŸ’¸#CafÃ©#ValidÃ© âœ…
692,La Boulangerie Des Grottes,"Rue des Grottes 5, 1201 GenÃ¨ve, Switzerland",restaurant,,ğŸ’¸#Boulangerie ğŸ¥–#ValidÃ© âœ…
693,Restaurant Auberge de SaviÃ¨se,"Rue des PÃ¢quis 20, 1201 GenÃ¨ve, Suisse",restaurant,,ğŸ’¸ğŸ’¸#Restaurant#ValidÃ© âœ…
694,Black Tap Craft Burger & Beer - OPENING SOON,"Cours de Rive 6, 1204 GenÃ¨ve, Suisse",restaurant,,ğŸ’¸ğŸ’¸#Burger ğŸ”ğŸŸ#ValidÃ© âœ…
695,Au Saint HonorÃ© S.A.,"Rue de Carouge 91, 1205 GenÃ¨ve, Suisse",cafe,,ğŸ’¸#Boulangerie ğŸ¥–#ValidÃ© âœ…
696,Loeb department store Bern,"Spitalgasse 47-51, 3001 Bern, Suisse",shopping,,ğŸ’¸ğŸ’¸ğŸ’¸#Grand Magasin ğŸ›
697,MAJE GLOBUS GENEVE,"Rue du RhÃ´ne 48, 1024 GenÃ¨ve, Suisse",shopping,,ğŸ’¸ğŸ’¸ğŸ’¸#Grand Magasin ğŸ›
698,BongÃ©nie,"Rue du MarchÃ© 34, 1204 GenÃ¨ve, Suisse",shopping,,ğŸ’¸ğŸ’¸ğŸ’¸#Grand Magasin ğŸ›
699,Manor,"Rue de Cornavin 6, 1211 GenÃ¨ve, Suisse",shopping,,ğŸ’¸ğŸ’¸ğŸ’¸#Grand Magasin ğŸ›
700,Hansel et Gretel,"107 Rue Colbert, 37000 Tours, France",cafe,TrÃ¨s bon pain perdu,ğŸ’¸#CafÃ©#Salon de thÃ© ğŸµ#ValidÃ© âœ…
701,L'Etape a Pates,"81 Rue Colbert, 37000 Tours, France",restaurant,,ğŸ’¸#PÃ¢tes ğŸ#ValidÃ© âœ…
702,Sonnyâ€™s pizza,"5 Rue de la Fontaine au Roi, 75011 Paris, France",restaurant,,ğŸ’¸ğŸ’¸#Pizza ğŸ•#ValidÃ© âœ…
703,Baby Love Burger,"63 Rue Saint-Maur, 75011 Paris, France",restaurant,,ğŸ’¸ğŸ’¸#Burger ğŸ”ğŸŸ#ValidÃ© âœ…
704,AVEC,"1 Rue du Breil, 35000 Rennes, France",restaurant,Un des meilleurs burgers que jâ€™ai mangÃ©. Rapport qualitÃ© prix au top,ğŸ’¸#Restaurant#Burger ğŸ”ğŸŸ#ValidÃ© âœ…
705,Bâ€™Kery,"16 Mail FranÃ§ois Mitterrand, 35000 Rennes",generic,,ğŸ’¸ğŸ’¸#Boulangerie ğŸ¥–#ValidÃ© âœ…
706,Le Fournil Vasselot,"13 Rue Vasselot, 35000 Rennes, France",restaurant,,ğŸ’¸#Boulangerie ğŸ¥–#ValidÃ© âœ…
707,Sarrasin,"17 Rue Jules Simon, 35000 Rennes",generic,,ğŸ’¸ğŸ’¸#CrÃªperie#ValidÃ© âœ…
708,PÃ¢tisserie Hoffmann Porte Neuve,"18 Avenue de la Porte-Neuve, 2227 Luxembourg",restaurant,,ğŸ’¸ğŸ’¸#Boulangerie ğŸ¥–#ValidÃ© âœ…
709,Kaale Kaffi,"1247, 9 Rue de la Boucherie, 1247 Luxembourg",cafe,,ğŸ’¸#CafÃ©#ValidÃ© âœ…
710,Break - Villeurbanne,"10 Cours de la RÃ©publique, 69100 Villeurbanne, France",generic,,ğŸ’¸#Tacos ğŸ‡«ğŸ‡·#ValidÃ© âœ…
711,Cherryne and Pef's Bake Shop,"26 Rue Neuve, 69002 Lyon",generic,,ğŸ’¸#Cookie ğŸª#Sandwich ğŸ¥ª#ValidÃ© âœ…
712,Blend Hamburger Charonne,15 Rue de Charonne Paris 75011,restaurant,,ğŸ’¸ğŸ’¸#Burger ğŸ”ğŸŸ#ValidÃ© âœ…
713,Les GoÃ»ters de Karen,"2 Rue Maurice Bokanowski, 92600 AsniÃ¨res-sur-Seine, France",generic,,ğŸ’¸#Cookie ğŸª#ValidÃ© âœ…
714,La Marmite Joyeuse,"33 Boulevard National, 13001 Marseille, France",restaurant,,ğŸ’¸#Restaurant#ValidÃ© âœ…
715,Cookiss,"7 Rue Four du Chapitre, 13002 Marseille, France",donuts,,ğŸ’¸#Cookie ğŸª#ValidÃ© âœ…
716,Glacier Vanille Noire,"13 Rue Caisserie, 13002 Marseille, Frankreich",restaurant,ğŸ‘Œ,ğŸ’¸#Glaces ğŸ¨ğŸ¦#ValidÃ© âœ…
717,Petrin Couchette,"7 Cr Saint-Louis, 13001 Marseille, France",bakery,,ğŸ’¸#Boulangerie ğŸ¥–#ValidÃ© âœ…
718,FrÃ¨res Brioche - OpÃ©ra,"6 Rue Saint-SaÃ«ns, 13001 Marseille, France",restaurant,,ğŸ’¸ğŸ’¸#Sandwich ğŸ¥ª#ValidÃ© âœ…
719,Pastels World,"29 Rue d'Aubagne, 13001 Marseille, France",restaurant,,ğŸ’¸#Africain#ValidÃ© âœ…
720,"Gigi, bouillon italien","13 Cr Julien, 13006 Marseille, France",restaurant,,ğŸ’¸ğŸ’¸#Italien ğŸ‡®ğŸ‡¹#PÃ¢tes ğŸ#ValidÃ© âœ…
721,La PÃ©pite,"145 Rue Sainte, 13008 Marseille, France",restaurant,,ğŸ’¸#PÃ¢tisseries#ValidÃ© âœ…#Bio ğŸ‘¨â€ğŸŒ¾
722,KO-ISHI,"25 Rue Sainte, 13001 Marseille, France",restaurant,,ğŸ’¸ğŸ’¸#Asiat#ValidÃ© âœ…
723,Cornbread Marseille,"32 Rue des trois Mages, 13006 Marseille, France",restaurant,Bon restaurant avec bonne ambiance ,ğŸ’¸ğŸ’¸#Soul Food#Poulet ğŸ”#ValidÃ© âœ…
724,UN MEXICAIN A MARSEILLE,"5 Place Paul CÃ©zanne, 13006 Marseille, France",restaurant,,ğŸ’¸#Hispanique#ValidÃ© âœ…
725,PAIN PAN ! Boulangerie de quartier,"29 Rue 3 FrÃ¨res BarthÃ©lÃ©my, 13006 Marseille, France",restaurant,,ğŸ’¸#Boulangerie ğŸ¥–#Bio/Vegan#ValidÃ© âœ…
726,Sarl Healthy Food Syliflo,2 Place de la La PrÃ©fecture 13006 Marseille France,generic,,ğŸ’¸ğŸ’¸#Restaurant#ValidÃ© âœ…
727,Boulangerie-CafÃ© Pain Salvator,"32 Boulevard Louis Salvator, 13006 Marseille, France",restaurant,,ğŸ’¸#Boulangerie ğŸ¥–#ValidÃ© âœ…
728,restaurant mame diarra,"l'acadÃ©mie, 30 Rue de l'AcadÃ©mie, 13001 Marseille, France",restaurant,Jus de Bouye,ğŸ’¸#Africain#Restaurant#ValidÃ© âœ…
729,Epicerie l'Ideal,"11 Rue d'Aubagne, 13001 Marseille, France",shopping,,Epicierie Fine#Traiteur#ValidÃ© âœ…#ğŸ’¸ğŸ’¸
730,Aux Deux FrÃ©res,"3 Rue des CommerÃ§ants, 83990 Saint-Tropez, France",restaurant,,ğŸ’¸#Boulangerie ğŸ¥–#PÃ¢tisseries#ValidÃ© âœ…
731,Sarl JU,96 Rue GÃ©nÃ©ral Allard 83990 Saint-Tropez France,generic,,ğŸ’¸ğŸ’¸#Sandwich ğŸ¥ª#ValidÃ© âœ…
732,La Tarte TropÃ©zienne A Micka,"9 Boulevard Louis Blanc, 83990 Saint-Tropez, France",restaurant,,ğŸ’¸ğŸ’¸#Boulangerie ğŸ¥–#PÃ¢tisseries#ValidÃ© âœ…
733,DIOR CafÃ©,"13 Rue FranÃ§ois Sibilli, Saint-Tropez 83990",cafe,,Ã€ faire#ğŸ’¸ğŸ’¸ğŸ’¸#Restaurant#CafÃ©
734,Maison Soulier Artisan Glacier,"Bd Georges Clemenceau, 13200 Arles, France",shopping,,ğŸ’¸#Boulangerie ğŸ¥–#PÃ¢tisseries#ValidÃ© âœ…
735,Le Bar Ã  Pain,"18 Cours Joseph Thierry, 13001 Marseille, France",restaurant,,ğŸ’¸#Boulangerie ğŸ¥–
736,La Biscuiterie du Palais,"12 Boulevard Philippon, 13004 Marseille, France",generic,,ğŸ’¸ğŸ’¸#Biscuiterie
737,Farinette,"36 Rue Caisserie, 13002 Marseille, France",restaurant,,ğŸ’¸#Boulangerie ğŸ¥–
738,Câ€™est Bon Restaurant mÃ©ditÃ©rranÃ©en vÃ©gÃ©tarien,"11 Avenue du MarÃ©chal Foch, 13004 Marseille, France",restaurant,,ğŸ’¸ğŸ’¸#Libanais ğŸ‡±ğŸ‡§#Vege/Vegan ğŸŒ±
739,la BOULANGERIE,"51 Rue des Faures, 33000 Bordeaux, France",bakery,,ğŸ’¸#Boulangerie ğŸ¥–
740,JAQEN TUKI,"117 bis Cr Victor Hugo, 33000 Bordeaux, France",restaurant,,ğŸ’¸ğŸ’¸#Burger ğŸ”ğŸŸ#Poulet ğŸ”
741,Cassonade,"53 Rue Saint-James, 33000 Bordeaux, France",restaurant,,ğŸ’¸ğŸ’¸#Divers
742,BATCH,"61 Rue des Ayres, 33000 Bordeaux, France",restaurant,,ğŸ’¸ğŸ’¸#Cookie ğŸª
743,Pepite cookie - Gambetta,Bordeaux 33000,restaurant,,ğŸ’¸ğŸ’¸#Cookie ğŸª
744,Glacerie Dumas,9 Rue Ravez 33000 Bordeaux France,generic,,ğŸ’¸#Glaces ğŸ¨ğŸ¦
745,65 Degres,1 Cours Pasteur 33000 Bordeaux France,generic,,ğŸ’¸ğŸ’¸#Sandwich ğŸ¥ª#RIP (FermÃ© definitivement)
746,T65,"35 Avenue de la Corse, 13007 Marseille, France, 13007 Marseille, France",generic,,ğŸ’¸#Boulangerie ğŸ¥–
747,Boulangerie Patisserie Pan & GatÃ´,"6 Rue du PrÃ© d'Avril, 74940 Annecy-le-Vieux, France",restaurant,,ğŸ’¸#Boulangerie ğŸ¥–
748,Aristide,5 Rue de la Gare 74000 Annecy France,generic,,ğŸ’¸#Boulangerie ğŸ¥–
749,BÃ¤ltis Artisan Glacier,"27 Rue Saint-Antoine, 75004 Paris, France",restaurant,,ğŸ’¸#Glaces ğŸ¨ğŸ¦#Libanais ğŸ‡±ğŸ‡§
750,Atelier LÃ©tanduÃ¨re,"15 Rue de LÃ©tanduÃ¨re, 49000 Angers, France",restaurant,,ğŸ’¸#Boulangerie ğŸ¥–
751,Boulangerie Des Carmes,"21 Boulevard Henri Arnauld, 49100 Angers, France",restaurant,,ğŸ’¸#Boulangerie ğŸ¥–
752,Nina Cafe,6 Rue Jacques d'Aragon 34000 Montpellier France,generic,,ğŸ’¸ğŸ’¸#Brunch
753,La Meulerie - Fromagerie,"9 Grand Rue, 13002 Marseille, France",shopping,,ğŸ’¸#Fromage
754,Le Parpaing qui flotte,"3 Rue Goudard, 13005 Marseille, France",restaurant,Bistrot dâ€™Ã©lite ,ğŸ’¸ğŸ’¸#Restaurant
755,Les Mains Libres,"117 Boulevard Chave, 13005 Marseille, France",bakery,,ğŸ’¸#Boulangerie ğŸ¥–
756,Alive,"Rue des Barques 2, 1207 GenÃ¨ve, Suisse",restaurant,,ğŸ’¸ğŸ’¸#Brunch#Healthy#Vege/Vegan ğŸŒ±
757,L'atelier 116,"116 Grand'Rue, 67000 Strasbourg, France",restaurant,,ğŸ’¸#Boulangerie ğŸ¥–
758,Tzatzi,"1 Rue de la Demi Lune, 67000 Strasbourg, France",restaurant,,ğŸ’¸ğŸ’¸#Libanais ğŸ‡±ğŸ‡§
759,M I M,"113 Rue Marceau, 93100 Montreuil, France",generic,,Restaurant#ğŸ’¸ğŸ’¸#TheFork ğŸ´
760,MIJOTE,"72B Rue FranÃ§ois Arago, 93100 Montreuil, France",restaurant,,ğŸ’¸ğŸ’¸#Asiat#RIP (FermÃ© definitivement)
761,UNION BOULANGERIE,"2 Rue Bleue, 75009 Paris, France",restaurant,,ğŸ’¸#Boulangerie ğŸ¥–
762,Pousses,14 Rue de Lagny 93100 Montreuil France,generic,,ğŸ’¸#Healthy#Vege/Vegan ğŸŒ±
763,UBUD,"1 bis Avenue de Paris, 94300 Vincennes, France",restaurant,,ğŸ’¸ğŸ’¸#Asiat
764,NoÃ©mie Giorno My Little Kitchen,"5 Rue Lejemptel, 94300 Vincennes, France",bakery,,ğŸ’¸ğŸ’¸#PÃ¢tisseries
765,KALY,"47 bis Rue Jacques Hillairet, 75012 Paris, France",restaurant,,ğŸ’¸#Restaurant
766,BASIS,"79 Rue de Belleville, 75019 Paris, France",restaurant,,ğŸ’¸ğŸ’¸#Grec ğŸ¥™
767,Lorette boulangerie gourmande,"2 Rue de la Butte aux Cailles, 75013 Paris, France",restaurant,Bon sandwich au saumon,ğŸ’¸ğŸ’¸#Boulangerie ğŸ¥–
768,ARSENE Montreuil,"54 Rue Robespierre, 93100 Montreuil, France",restaurant,,ğŸ’¸ğŸ’¸#Restaurant
769,Physalis,"95 Rue de Fontenay, 94300 Vincennes, France",shopping,,Epicierie Fine#ğŸ’¸ğŸ’¸
770,Thai 116,116 Rue de Lagny 93100 Montreuil France,generic,,ğŸ’¸#Asiat#RIP (FermÃ© definitivement)
771,DÃ¼rÃ¼m & Brunch,"6 Av. de la RÃ©publique, 94300 Vincennes, France",restaurant,,Turque ğŸ‡¹ğŸ‡·#Viande
772,MetÃ  e MetÃ  Pizzeria,"51 Rue du Capitaine Dreyfus, 93100 Montreuil, France",restaurant,,ğŸ’¸ğŸ’¸#Pizza ğŸ•#TheFork ğŸ´
773,Les nouilles dansantes,"12 Rue Vignon, 75009 Paris, France",restaurant,Rapport qualitÃ© prix excellent ,ğŸ’¸ğŸ’¸#Asiat#TheFork ğŸ´
774,Gros Bao,"72 Quai de Jemmapes, Paris 75010",restaurant,,ğŸ’¸ğŸ’¸#Asiat
775,Alfi Nouvelle Tradition - Paris 16,"23 Rue des Sablons, 75116 Paris, France",restaurant,,ğŸ’¸ğŸ’¸#Viande
776,PUSH Smash Burgers - Saint Maur,"117 Rue Saint-Maur, 75011 Paris, France",restaurant,,ğŸ’¸ğŸ’¸#Burger ğŸ”ğŸŸ
777,Tigermilk Paris Sentier,"77 Rue d'Aboukir, 75002 Paris, France",restaurant,,ğŸ’¸ğŸ’¸#Hispanique
778,Homer Lobster - Vincennes,"13 Rue du Midi, 94300 Vincennes, France",restaurant,,ğŸ’¸ğŸ’¸#Poisson ğŸŸ
779,Mayli's Resto & Co,"36 Rue Blondel, 75002 Paris, France",generic,Restaurant dâ€™empanadas avec spÃ©cialitÃ©s chiliennes ğŸ‡¨ğŸ‡±,ğŸ’¸ğŸ’¸#Hispanique#TheFork ğŸ´
780,Playa,"8 Rue Defrance, 94300 Vincennes, France, 94300 Vincennes, France",generic,,ğŸ’¸ğŸ’¸#Restaurant
781,AUX TIROIRS A COOKIES,"6 Rue Saint-Jacques, Lille 59800",restaurant,,ğŸ’¸ğŸ’¸#Cookie ğŸª
782,Nani,"105 Rue de Paris, 93100 Montreuil, France, 93100 Montreuil, France",generic,Restaurant mauricien ğŸ‡²ğŸ‡º,ğŸ’¸ğŸ’¸#Africain
783,SÃ©nÃ©galette,"38 Rue PoissonniÃ¨re, 75002 Paris, France, 75002 Paris, France",generic,ğŸ‡¸ğŸ‡³,ğŸ’¸ğŸ’¸#Africain#CrÃªperie#TheFork ğŸ´
784,Boulangerie Bopain,"127 Rue de Reuilly, 75012 Paris, France, 75012 Paris, France",generic,,ğŸ’¸#Boulangerie ğŸ¥–
785,Piou,"70 Rue Grignan, 13001 Marseille, France",supermarket,,ğŸ’¸ğŸ’¸#Epicierie Fine
786,Maythai,"32 Avenue de la RÃ©publique, 75011 Paris, France",restaurant,,ğŸ’¸ğŸ’¸#Asiat
787,Maison Marquet,"64 Rue Championnet, 75018 Paris, France",generic,,ğŸ’¸#Boulangerie ğŸ¥–
788,So.bio,"1 Chemin des Silos, 31100 Toulouse, France",supermarket,,ğŸ’¸ğŸ’¸#Bio ğŸ‘¨â€ğŸŒ¾
789,Sixta,"28 Rue de Bayard, 31000 Toulouse, France",restaurant,,ğŸ’¸ğŸ’¸#Brunch#Healthy#Vege/Vegan ğŸŒ±
790,La Brewlangerie,"306 Avenue de Muret, 31300 Toulouse, France",bakery,,ğŸ’¸#Boulangerie ğŸ¥–#Cookie ğŸª
791,Au PÃ©chÃ© Mignon La Maison De Ravel,"37 Rue du Languedoc, 31000 Toulouse, France",bakery,,ğŸ’¸ğŸ’¸#Boulangerie ğŸ¥–
792,CafÃ© Bong,"11 Rue de la Bourse, 31000 Toulouse, France",cafe,,ğŸ’¸ğŸ’¸#Asiat#Healthy
793,Troika Royale,"23 Rue des Filatiers, 31000 Toulouse, France",restaurant,ğŸ‡·ğŸ‡ºğŸ‡¬ğŸ‡ª,ğŸ’¸ğŸ’¸#Asiat#TheFork ğŸ´
794,Cookie Love,"84 Rue d'Aboukir, 75002 Paris, France",generic,,ğŸ’¸#Cookie ğŸª
